"TOA5","CCR_Met","CR3000","13423","CR3000.Std.32.05","CPU:CCRdam_20210329.CR3","35958","ccre-met"
"TIMESTAMP","RECORD","BattV","PTemp_C","PAR_Den_Avg","PAR_Tot_Tot","BP_kPa_Avg","AirTC_Avg","RH","Rain_mm_Tot","WS_ms_Avg","WindDir","SR01Up_Avg","SR01Dn_Avg","IR01UpCo_Avg","IR01DnCo_Avg","NR01TK_Avg","Albedo_Avg"
"TS","RN","Volts","Deg C","umol/s/m^2","mmol/m^2","kPa","Deg C","%","mm","meters/second","degrees","W/m^2","W/m^2","W/m^2","W/m^2","K","W/m^2"
"","","Smp","Smp","Avg","Tot","Avg","Avg","Smp","Tot","Avg","Smp","Avg","Avg","Avg","Avg","Avg","Avg"
"2021-03-29 15:12:00",0,13.15,18.06,288,8.640829,82.12213,14.85,25.8,0,0.66,10,657.9,33.94,288,403.6,292.8,0.052
"2021-03-29 15:13:00",1,13.05,18.14,287.4,17.24429,97.99832,14.7,26.05,0,0.629,29.06,655.6,33.37,287.3,401.7,292.8,0.051
"2021-03-29 15:14:00",2,13.06,18.21,285.9,17.15597,98.00193,14.54,28.82,0,0.709,4.407,652.2,33.39,288,401.7,293,0.051
"2021-03-29 15:15:00",3,13.05,18.29,284.7,17.0846,98.00091,14.36,26.55,0,0.9,0.095,649.5,32.79,288.3,401.7,293,0.05
"2021-03-29 15:16:00",4,13.05,18.37,283.6,17.01831,97.99881,14.26,29.52,0,0.75,35.69,646.1,32.57,287.1,401.3,293,0.05
"2021-03-29 15:17:00",5,13.04,18.43,282.1,16.92743,97.99978,14.21,26.33,0,0.885,77.44,642.1,32.82,287.5,401.9,293,0.051
"2021-03-29 15:18:00",6,13.05,18.47,281.5,16.88833,97.99998,14.23,26.46,0,0.617,57.17,639.5,33.04,287.1,402.2,293,0.052
"2021-03-29 15:19:00",7,13.04,18.5,611.7,36.70202,98.00107,14.34,22.99,0,0.985,233.6,637.5,33.8,287.7,403,293.1,0.053
"2021-03-29 15:20:00",8,13.04,18.54,1294,77.65361,97.99821,14.58,23.2,0,1.078,238.4,635.1,33.85,288,403,293.1,0.053
"2021-03-29 15:21:00",9,13.04,18.56,1295,77.68918,98.00147,14.78,21.34,0,1.627,295.3,632.7,34.87,287.8,403,293,0.055
"2021-03-29 15:22:00",10,13.04,18.58,1291,77.45041,98.00352,14.85,21.23,0,1.274,325.6,629.7,36.31,287.7,403.3,293,0.058
"2021-03-29 15:23:00",11,13.04,18.61,1285,77.12249,97.9989,14.73,21.21,0,1.027,341.8,626.7,35.82,287.4,403.5,293,0.057
"2021-03-29 15:24:00",12,13.03,18.63,1279,76.71578,97.99641,14.68,20.92,0,1.05,312.8,623.7,31.89,286.5,403.1,292.9,0.051
"2021-03-29 15:25:00",13,13.04,18.68,1272,76.30973,97.99017,14.68,20.98,0,0.675,326.4,230.2,414.2,359.8,327,293,13.11
"2021-03-29 15:26:00",14,13.03,18.77,1267,76.00198,97.98818,14.72,24.32,0,0.165,4.466,28.44,600.1,403.5,280.8,293.4,21.12
"2021-03-29 15:27:00",15,13.02,18.89,1261,75.66684,97.98368,14.67,20.47,0,0.826,55.8,30.02,596.8,405.2,282.1,293.7,19.88
"2021-03-29 15:28:00",16,13.03,19,1254,75.26298,97.98397,14.59,21.39,0,1.692,62.84,30.94,593.1,406.4,283.2,293.9,19.18
"2021-03-29 15:29:00",17,13.03,19.06,1249,74.94637,97.9806,14.53,20.45,0,1.222,52.16,30.68,590.1,405.7,283,294,19.23
"2021-03-29 15:30:00",18,13.03,19.1,1242,74.5247,97.9811,14.49,21.69,0,0.774,71.93,32.03,586.5,406.2,282.9,294.1,18.31
"2021-03-29 15:31:00",19,13.03,19.1,1236,74.14913,97.979,14.46,22.2,0,0.759,72.63,32.05,583,406.7,283,294.3,18.19
"2021-03-29 15:32:00",20,13.03,19.09,1229,73.75216,97.97802,14.48,22.06,0,0.541,78.46,31.16,579.7,406.3,283.2,294.5,18.6
"2021-03-29 15:33:00",21,13.03,19.1,1223,73.38934,97.97554,14.55,22.18,0,0.216,145.1,30.69,575.3,406.3,283.1,294.7,18.75
"2021-03-29 15:34:00",22,13.03,19.14,1217,73.00046,97.97489,14.7,23.08,0,0.224,223.3,30.61,572.2,406.8,283.3,295,18.69
"2021-03-29 15:35:00",23,13.03,19.19,1209,72.56338,97.97155,14.86,23.74,0,0.207,350.6,30.1,567.7,408,284,295.2,18.86
"2021-03-29 15:36:00",24,13.02,19.23,1205,72.32651,97.96698,14.89,23.99,0,0.526,7.626,29.21,565.3,408.3,284.4,295.3,19.35
"2021-03-29 15:37:00",25,13.01,19.29,1200,72.01759,97.9679,14.77,26.16,0,0.443,40.92,28.61,563,408,284.4,295.4,19.68
"2021-03-29 15:38:00",26,13.03,19.35,1193,71.56873,97.96757,14.62,32.48,0,0.784,51.69,28.84,559.6,408.7,284.3,295.5,19.41
"2021-03-29 15:39:00",27,13.02,19.41,1187,71.19372,97.96572,14.42,27.05,0,1.171,32.51,28.8,557.3,409.3,285.1,295.5,19.35
"2021-03-29 15:40:00",28,13.02,19.42,1181,70.83314,97.96303,14.39,26.74,0,1.197,345.1,28.61,554,408.2,285,295.4,19.36
"2021-03-29 15:41:00",29,13.02,19.42,1175,70.47683,97.96422,14.42,23.02,0,1.008,30.94,225.3,353.7,370.3,327.1,295.4,10.14
"2021-03-29 15:42:00",30,13.02,19.42,1167,70.02582,97.96387,14.5,23.66,0,1.387,34.55,556.5,28.01,291.9,408,295.1,0.05
"2021-03-29 15:43:00",31,13.02,19.38,1161,69.68366,97.96433,15.12,25.34,0,2.226,34.52,554.6,28.03,292.6,407.3,294.7,0.051
"2021-03-29 15:44:00",32,13.01,19.31,1154,69.2459,97.9646,18.13,18.62,0,2.275,45.88,551.6,29.09,292,406.5,294.2,0.053
"2021-03-29 15:45:00",33,13.02,19.18,1147,68.84281,97.96674,15.43,32.17,0,2.29,43.4,549.2,30.29,291.2,405.7,293.8,0.055
"2021-03-29 15:46:00",34,13.02,19.04,1141,68.47533,97.96482,15.23,32.23,0,2.507,44.19,545,31.24,290.7,405.4,293.4,0.057
"2021-03-29 15:47:00",35,13.01,18.88,1135,68.10807,97.96601,17.02,23.75,0,2.385,45.2,546.2,31.15,289.8,405.1,293,0.057
"2021-03-29 15:48:00",36,13.02,18.72,1129,67.72585,97.96429,18.49,24.4,0,2.084,48.71,539.9,31.48,289,404.4,292.8,0.058
"2021-03-29 15:49:00",37,13.01,18.58,1122,67.31053,97.96484,15.74,25.49,0,2.38,7.863,536.4,34.07,288.8,404.6,292.5,0.064
"2021-03-29 15:50:00",38,13.01,18.46,1113,66.78486,97.95983,14.97,27.32,0,1.73,0.018,531.6,34.12,287.3,404.1,292.3,0.064
"2021-03-29 15:51:00",39,13.01,18.39,1103,66.20265,97.95636,14.73,25.81,0,1.256,343.9,527.8,33.77,286.5,404,292.3,0.064
"2021-03-29 15:52:00",40,13,18.36,1097,65.79699,97.96056,14.63,22.75,0,0.952,1.96,524.1,33.18,286.3,403.7,292.2,0.063
"2021-03-29 15:53:00",41,13.01,18.38,1090,65.42396,97.96113,14.63,25.41,0,0.818,354.6,520.5,35.1,286,404.1,292.3,0.067
"2021-03-29 15:54:00",42,13.01,18.4,1084,65.01382,97.96039,14.65,26.1,0,0.593,5.915,516.7,34.99,285.9,404.2,292.4,0.068
"2021-03-29 15:55:00",43,13.01,18.45,1077,64.64363,97.96119,14.64,24.96,0,0.792,28.03,513.1,34.8,286.4,404.3,292.4,0.068
"2021-03-29 15:56:00",44,13.01,18.49,1070,64.18321,97.9613,14.6,22.06,0,1.218,41.92,511.1,34.99,287.3,404.7,292.4,0.068
"2021-03-29 15:57:00",45,13,18.52,1063,63.78187,97.9593,14.57,23.55,0,1.174,41.68,507.1,34.7,287.3,404.8,292.4,0.068
"2021-03-29 15:58:00",46,13.01,18.53,1055,63.31694,97.95678,14.49,26.13,0,0.916,51.5,504.7,34.42,287,404.8,292.4,0.068
"2021-03-29 15:59:00",47,13,18.54,1048,62.90428,97.9592,14.49,21.26,0,1.067,47.21,500.1,34.2,287,405,292.4,0.068
"2021-03-29 16:00:00",48,13,18.55,1042,62.51332,97.96037,14.54,21.13,0,1.004,25.67,497.4,34.46,287,405,292.4,0.069
"2021-03-29 16:01:00",49,13.01,18.56,1035,62.09076,97.96186,14.6,22.16,0,1.354,24.99,493.4,34.85,287.4,405,292.4,0.071
"2021-03-29 16:02:00",50,13,18.56,1028,61.66399,97.96189,14.61,21.57,0,1.597,34.86,489.9,35.13,287.5,405,292.4,0.072
"2021-03-29 16:03:00",51,13,18.55,1021,61.27965,97.96112,14.62,22.12,0,1.653,37.71,487.2,34.89,287.6,405.2,292.3,0.072
"2021-03-29 16:04:00",52,13,18.54,1015,60.87421,97.96363,14.6,21.92,0,1.514,36.99,484,34.84,287.3,404.8,292.3,0.072
"2021-03-29 16:05:00",53,13,18.53,1008,60.46038,97.97019,14.6,28.3,0,1.215,37.7,480.5,34.58,287.1,404.8,292.3,0.072
"2021-03-29 16:06:00",54,13,18.52,1000,60.01331,97.9681,14.57,23.65,0,1.989,345.9,477.1,34.93,287.9,405.3,292.2,0.073
"2021-03-29 16:07:00",55,13,18.51,993,59.55118,97.96951,14.75,21.76,0,1.441,148.5,473.8,35.62,286.8,404.4,292.1,0.075
"2021-03-29 16:08:00",56,13,18.53,986,59.16877,97.96624,14.94,23.06,0,1.352,322.6,470.7,36.28,287,404.4,292.2,0.077
"2021-03-29 16:09:00",57,13.01,18.56,978,58.67904,97.96746,14.99,20.06,0,1.369,258.9,467,35.96,286.5,404.3,292.2,0.077
"2021-03-29 16:10:00",58,13.02,18.61,970,58.17035,97.96802,15.15,19.04,0,0.176,78.16,463.2,35.54,285.7,404.5,292.3,0.077
"2021-03-29 16:11:00",59,13.01,18.68,962,57.70998,97.96402,15.21,18.66,0,0.305,122.5,458.9,34.33,285.9,404.7,292.4,0.075
"2021-03-29 16:12:00",60,13.01,18.76,953,57.17814,97.96222,15.25,18.5,0,0.813,101.7,455.1,34.7,286.8,405.3,292.5,0.076
"2021-03-29 16:13:00",61,13,18.82,946,56.75902,97.95636,15.25,18.45,0,0.585,62.31,451.6,33.25,286.6,405.3,292.6,0.074
"2021-03-29 16:14:00",62,13.01,18.88,940,56.40349,97.95501,15.21,19.79,0,0.892,65.89,448.7,33.32,287.4,405.6,292.7,0.074
"2021-03-29 16:15:00",63,13.01,18.94,933,55.96725,97.95486,15.21,19.14,0,0.831,57.1,445.2,33.03,287.4,405.3,292.7,0.074
"2021-03-29 16:16:00",64,13.01,18.99,924,55.42631,97.95694,15.23,21.38,0,0.142,126.3,440.5,32.99,286.8,405.2,292.8,0.075
"2021-03-29 16:17:00",65,13,19.04,917,55.00556,97.96216,15.32,25.83,0,0.39,184.4,436.9,33,287.3,405.6,292.9,0.076
"2021-03-29 16:18:00",66,13,19.1,911,54.6325,97.9617,15.4,20.48,0,0.773,198.3,433.8,32.52,287.4,405,292.9,0.075
"2021-03-29 16:19:00",67,13,19.16,904,54.2252,97.9596,15.51,19.38,0,0.354,182,430.6,32.41,287.2,404.9,293,0.075
"2021-03-29 16:20:00",68,13,19.23,896,53.73983,97.95746,15.65,19.25,0,0.482,172.1,426.6,32.66,287.8,405.2,293.1,0.077
"2021-03-29 16:21:00",69,13,19.31,889,53.33344,97.95877,15.8,19.99,0,1.323,161.1,422.9,32.49,287.9,404.9,293.2,0.077
"2021-03-29 16:22:00",70,13,19.38,881,52.8568,97.96286,15.82,19.45,0,1.561,337.6,419.7,32.5,289.1,405,293.1,0.077
"2021-03-29 16:23:00",71,13,19.46,874,52.43274,97.96023,15.66,18.43,0,0.58,101.6,415.5,31.48,288.1,403.8,293.1,0.076
"2021-03-29 16:24:00",72,13,19.53,866,51.95948,97.96298,15.74,18.55,0,0.856,186.9,412.5,31.52,288.2,404,293.1,0.076
"2021-03-29 16:25:00",73,13,19.6,859,51.56658,97.95987,15.83,18.63,0,1.181,7.519,408.8,31.42,288.3,403.8,293,0.077
"2021-03-29 16:26:00",74,13,19.66,852,51.13983,97.95919,15.72,17.66,0,1.699,134.1,405.5,31.09,288.7,403.6,292.9,0.077
"2021-03-29 16:27:00",75,12.99,19.72,845,50.69811,97.96039,15.64,18.2,0,1.287,103.8,401.7,30.34,288.2,403.4,292.9,0.076
"2021-03-29 16:28:00",76,12.99,19.77,838,50.26058,97.96369,15.82,18.42,0,0.199,173.3,398.8,30.6,287.5,403.3,292.9,0.077
"2021-03-29 16:29:00",77,12.99,19.82,831,49.83483,97.96249,15.88,20.65,0,0.848,298.8,395.4,30.62,288.5,403.9,293,0.077
"2021-03-29 16:30:00",78,12.99,19.86,823,49.37599,97.96192,15.73,21.03,0,1.431,338.6,391.4,30.1,288.4,403.6,292.9,0.077
"2021-03-29 16:31:00",79,12.99,19.9,815,48.92303,97.95987,15.59,26.34,0,2.06,311.5,388,29.83,289.1,403.5,292.9,0.077
"2021-03-29 16:32:00",80,12.99,19.94,807,48.42399,97.9597,15.38,20.77,0,1.942,295.4,384.1,28.99,288.4,403.2,292.7,0.075
"2021-03-29 16:33:00",81,12.99,19.98,799.6,47.97456,97.96106,15.36,19.57,0,0.954,280.4,379.6,28.73,287.1,402.9,292.6,0.076
"2021-03-29 16:34:00",82,12.99,20.01,791.9,47.51169,97.96091,15.45,20.86,0,0.088,85.8,375.3,28.87,286.9,402.8,292.7,0.077
"2021-03-29 16:35:00",83,12.99,20.04,784.3,47.05867,97.96026,15.46,20.78,0,0.374,86.4,371.6,28.72,287.7,403,292.8,0.077
"2021-03-29 16:36:00",84,12.99,20.07,775.6,46.53778,97.96433,15.5,21.32,0,0.56,98,367.3,28.34,288.1,403.2,292.9,0.077
"2021-03-29 16:37:00",85,12.98,20.1,770.5,46.2298,97.96693,15.52,20.93,0,0.523,53.07,364.4,28.08,287.9,403.2,292.9,0.077
"2021-03-29 16:38:00",86,12.99,20.13,761,45.65728,97.96481,15.5,21.23,0,0.139,43.42,360.3,27.75,287.9,403,293,0.077
"2021-03-29 16:39:00",87,12.98,20.16,753.9,45.23326,97.96473,15.56,21.02,0,0.523,250.6,357,27.72,287.9,403.4,293.1,0.078
"2021-03-29 16:40:00",88,12.98,20.19,747.6,44.85488,97.96018,15.64,20.94,0,1.999,225.9,354.6,27.31,288.9,403.1,293,0.077
"2021-03-29 16:41:00",89,12.98,20.22,739.9,44.39597,97.95841,15.63,20.12,0,2.592,226.1,351.7,27.21,288.9,402.2,292.9,0.077
"2021-03-29 16:42:00",90,12.98,20.25,732.9,43.97164,97.95908,15.55,22.09,0,2.076,297.4,348.2,27.9,288.8,402.1,292.8,0.08
"2021-03-29 16:43:00",91,12.98,20.27,726.8,43.60933,97.96178,15.47,23.17,0,0.859,153,344.1,25.97,287.9,400.3,292.8,0.075
"2021-03-29 16:44:00",92,12.98,20.29,719.9,43.19457,97.96032,15.52,26.11,0,1.749,186.7,340.7,25.53,288,399.3,292.8,0.075
"2021-03-29 16:45:00",93,12.98,20.31,711.8,42.70776,97.9576,15.48,25.4,0,1.362,155.8,336.3,24.76,287.9,398.5,292.8,0.074
"2021-03-29 16:46:00",94,12.98,20.33,704.1,42.2447,97.95908,15.42,32.2,0,0.639,162.1,332.7,24.21,288.2,398.4,292.7,0.073
"2021-03-29 16:47:00",95,12.97,20.35,696.2,41.77054,97.9659,15.38,26.31,0,1.243,184.6,329.3,23.86,287.9,398.2,292.7,0.072
"2021-03-29 16:48:00",96,12.98,20.37,689.6,41.37691,97.96656,15.37,24.51,0,1.184,183.2,325.5,23.33,288.1,397.8,292.6,0.072
"2021-03-29 16:49:00",97,12.98,20.38,681.6,40.89521,97.96722,15.41,23.61,0,1.81,244,322.3,23.03,288.3,398.5,292.6,0.071
"2021-03-29 16:50:00",98,12.98,20.4,672.6,40.35668,97.96588,15.46,25.4,0,0.645,141.9,318.2,22.71,287.9,399.4,292.6,0.071
"2021-03-29 16:51:00",99,12.98,20.41,665.5,39.92952,97.9597,15.43,24.88,0,1.658,148,314.1,22.22,288,400,292.6,0.071
"2021-03-29 16:52:00",100,12.98,20.42,657.9,39.47239,97.95651,15.34,25.72,0,1.566,217.8,310.8,21.51,287.8,400.4,292.5,0.069
"2021-03-29 16:53:00",101,12.98,20.44,651,39.05836,97.96002,15.26,26.83,0,1.217,222.2,307.1,20.79,287.4,400.2,292.4,0.068
"2021-03-29 16:54:00",102,12.98,20.45,643.5,38.60964,97.96218,15.21,30.43,0,0.387,254.9,303.2,20.17,287,400,292.4,0.067
"2021-03-29 16:55:00",103,12.98,20.46,635.7,38.14232,97.96082,15.21,28.22,0,1.053,199.4,299.8,19.7,287,400,292.4,0.066
"2021-03-29 16:56:00",104,12.98,20.46,626.8,37.61054,97.95992,15.22,26.11,0,1.125,335.8,295.6,19.06,286.8,399.8,292.4,0.064
"2021-03-29 16:57:00",105,12.97,20.47,618.9,37.13134,97.96111,15.22,25.03,0,0.683,201.3,291.8,18.26,286.8,399.5,292.4,0.063
"2021-03-29 16:58:00",106,12.97,20.48,611.4,36.68438,97.96598,15.25,25.21,0,0.132,189.4,287.5,17.48,286.7,399.2,292.4,0.061
"2021-03-29 16:59:00",107,12.97,20.49,603.5,36.21012,97.9675,15.32,26.31,0,0.791,223,284.3,16.65,286.7,398.9,292.4,0.059
"2021-03-29 17:00:00",108,12.97,20.5,595.5,35.73252,97.96678,15.37,26.54,0,0.221,134.9,279.6,15.43,286.9,398.7,292.5,0.055
"2021-03-29 17:01:00",109,12.97,20.51,588.9,35.33646,97.96808,15.32,26.05,0,0.294,241.2,276.3,14.16,287,398.5,292.5,0.051
"2021-03-29 17:02:00",110,12.97,20.51,581.8,34.90827,97.96728,15.34,27.34,0,0.173,262,272.6,13.23,286.8,398.4,292.6,0.049
"2021-03-29 17:03:00",111,12.97,20.52,574.3,34.46055,97.96793,15.44,21.84,0,0.632,222.7,269.2,12.63,287.5,398.7,292.6,0.047
"2021-03-29 17:04:00",112,12.97,20.52,565.4,33.92618,97.96876,15.44,20.98,0,1.793,234.5,266.4,12.25,288.1,398.4,292.5,0.046
"2021-03-29 17:05:00",113,12.97,20.53,557.9,33.474,97.97154,15.41,23.49,0,0.864,7.371,262.5,11.73,287.7,398.1,292.5,0.045
"2021-03-29 17:06:00",114,12.97,20.54,550.3,33.01665,97.9755,15.33,24.24,0,0.302,119.9,258.3,11.03,287,397.7,292.4,0.043
"2021-03-29 17:07:00",115,12.96,20.55,544,32.63931,97.97324,15.35,23.73,0,0.875,227.3,255.1,10.72,287.2,397.7,292.5,0.042
"2021-03-29 17:08:00",116,12.97,20.56,535.3,32.11777,97.9744,15.42,23.31,0,0.385,168.3,250.4,10.53,287.1,397.6,292.5,0.042
"2021-03-29 17:09:00",117,12.97,20.57,528.3,31.6963,97.97458,15.51,21.64,0,0.627,101.1,247.1,10.66,287.3,397.8,292.5,0.043
"2021-03-29 17:10:00",118,12.97,20.58,518.7,31.12469,97.9754,15.62,23.5,0,0.351,251.6,243.2,10.6,287.1,397.6,292.6,0.044
"2021-03-29 17:11:00",119,12.97,20.58,511.6,30.69641,97.97689,15.73,23.16,0,0.506,216.4,239.6,10.36,287.2,397.4,292.7,0.043
"2021-03-29 17:12:00",120,12.97,20.59,503.7,30.22488,97.97494,15.77,21.28,0,1.12,213.9,236.1,10.07,287.8,397.4,292.7,0.043
"2021-03-29 17:13:00",121,12.97,20.6,496.5,29.79065,97.97287,15.64,23.37,0,1.379,197.3,232.2,9.84,287.8,397,292.6,0.042
"2021-03-29 17:14:00",122,12.97,20.6,488.5,29.31063,97.97554,15.5,22.75,0,1.359,205.8,228.9,9.6,288,396.8,292.5,0.042
"2021-03-29 17:15:00",123,12.97,20.61,481.9,28.91541,97.97382,15.48,22.46,0,1.021,234.8,225.6,9.45,287.4,396.5,292.5,0.042
"2021-03-29 17:16:00",124,12.97,20.62,474.7,28.48191,97.9721,15.48,23.99,0,0.666,207.3,221.7,9.51,287.3,396.5,292.5,0.043
"2021-03-29 17:17:00",125,12.96,20.63,467.2,28.03487,97.9723,15.47,21.68,0,0.807,197.4,217.8,9.34,287.5,396.2,292.5,0.043
"2021-03-29 17:18:00",126,12.97,20.63,458.8,27.52771,97.97219,15.53,22.4,0,0.475,199.3,213.9,9.47,287.5,396.4,292.5,0.044
"2021-03-29 17:19:00",127,12.97,20.64,452.3,27.13761,97.97269,15.56,22.57,0,0.266,220,211.3,9.57,287.5,396.2,292.5,0.045
"2021-03-29 17:20:00",128,12.97,20.64,443.6,26.61774,97.97742,15.66,21.99,0,0.082,234.9,206.8,9.66,287.1,396.2,292.5,0.047
"2021-03-29 17:21:00",129,12.97,20.65,436.3,26.17758,97.97226,15.71,24.11,0,0,87.4,203.2,9.74,287.5,396.3,292.6,0.048
"2021-03-29 17:22:00",130,12.97,20.65,431.1,25.86549,97.97172,15.64,22.39,0,0.366,17.75,199.7,9.65,287.9,396.4,292.6,0.048
"2021-03-29 17:23:00",131,12.97,20.66,423,25.38291,97.9737,15.58,21.22,0,0.343,351.3,195.7,9.34,287.7,396.3,292.6,0.048
"2021-03-29 17:24:00",132,12.97,20.66,414.2,24.85284,97.97568,15.59,23.31,0,0.612,330.1,192.1,10.82,288,396.2,292.6,0.056
"2021-03-29 17:25:00",133,12.97,20.67,406.9,24.41182,97.97482,15.5,21.86,0,0.501,306.2,188.8,23.26,287.5,395.9,292.6,0.123
"2021-03-29 17:26:00",134,12.97,20.67,399.2,23.95384,97.97631,15.53,21.72,0,0.028,305.9,185,44.4,287.3,396,292.7,0.24
"2021-03-29 17:27:00",135,12.96,20.68,392.2,23.53474,97.979,15.63,20.75,0,0.81,238.3,182.1,52.46,287.8,396.4,292.7,0.288
"2021-03-29 17:28:00",136,12.97,20.69,384.5,23.07237,97.97833,15.71,19.71,0,1.042,173.8,179.1,52.72,288.1,396.1,292.7,0.294
"2021-03-29 17:29:00",137,12.97,20.68,376,22.56178,97.97818,15.71,20.03,0,0.828,91.7,174.6,52.49,288.1,395.8,292.7,0.301
"2021-03-29 17:30:00",138,12.97,20.69,369.3,22.15904,97.97926,15.67,21.54,0,0.482,151.1,171.2,51.77,287.8,395.8,292.7,0.302
"2021-03-29 17:31:00",139,12.97,20.69,362.4,21.7418,97.98133,15.67,22.29,0,0.735,94.6,167.9,51.2,287.9,396.2,292.7,0.305
"2021-03-29 17:32:00",140,12.97,20.69,355.3,21.31691,97.97802,15.68,24.35,0,0.637,194.4,164.4,51.19,287.3,395.9,292.7,0.311
"2021-03-29 17:33:00",141,12.97,20.69,348.6,20.91899,97.97827,15.57,28.36,0,2.045,176.3,160.2,39.61,287.3,395.2,292.6,0.247
"2021-03-29 17:34:00",142,12.97,20.69,341,20.4585,97.97961,15.44,22.13,0,2.437,219,156.1,22.34,287.7,395,292.5,0.143
"2021-03-29 17:35:00",143,12.97,20.69,333.6,20.01581,97.97947,15.51,27.06,0,0.712,122.5,152.8,16.25,286.2,394.5,292.4,0.106
"2021-03-29 17:36:00",144,12.97,20.68,326.8,19.60793,97.98344,15.43,28.42,0,0.64,218.4,149.4,16.49,286.4,394.4,292.4,0.11
"2021-03-29 17:37:00",145,12.96,20.68,318.5,19.10759,97.98425,15.16,26.66,0,0.59,109.5,144.6,18.45,286.6,394.2,292.4,0.128
"2021-03-29 17:38:00",146,12.97,20.68,312.1,18.72846,97.98575,15.03,26.25,0,0.728,187.4,141.7,19.52,286.3,394.2,292.3,0.138
"2021-03-29 17:39:00",147,12.97,20.67,306.3,18.37812,97.98721,14.96,24.8,0,0.697,264.4,137.8,19.62,286.4,393.8,292.3,0.142
"2021-03-29 17:40:00",148,12.97,20.66,287.7,17.26025,97.98917,14.91,27.7,0,0.412,173.7,132.2,19.92,286.5,393.6,292.2,0.151
"2021-03-29 17:41:00",149,12.97,20.65,253.4,15.20102,97.98938,14.88,25.29,0,0.893,230,128.9,14.94,286.2,393.2,292.1,0.116
"2021-03-29 17:42:00",150,12.97,20.64,238.3,14.29778,97.98859,14.87,24.07,0,1.419,206.5,124.5,14.6,286.4,393.4,292,0.117
"2021-03-29 17:43:00",151,12.97,20.63,240.8,14.45046,97.99082,14.91,23.35,0,0.751,219.6,109.4,16.13,286.4,393.1,291.9,0.148
"2021-03-29 17:44:00",152,12.97,20.62,208,12.47856,97.99301,14.92,22.02,0,1.859,229.7,115.8,22.05,286.7,393.3,291.9,0.191
"2021-03-29 17:45:00",153,12.97,20.6,210.7,12.64141,97.99374,14.95,21.49,0,1.54,228.3,121.3,24.03,286.3,393.2,291.8,0.198
"2021-03-29 17:46:00",154,12.97,20.59,246.8,14.81096,97.995,14.99,21.04,0,1.036,212.4,117.6,29.4,286.1,393.2,291.8,0.25
"2021-03-29 17:47:00",155,12.96,20.57,246.1,14.76691,97.99485,15.05,22.51,0,0.312,205.9,112.6,30.86,286,393.2,291.9,0.274
"2021-03-29 17:48:00",156,12.97,20.56,225.3,13.51759,97.99558,15.14,23.43,0,0.614,180.2,111.7,31.65,286,393.3,291.9,0.283
"2021-03-29 17:49:00",157,12.97,20.54,227.5,13.65154,97.99644,15.18,20.47,0,1.282,207.9,108.8,33.7,286.4,393.4,291.9,0.31
"2021-03-29 17:50:00",158,12.97,20.52,223.2,13.39202,97.99662,15.25,21.23,0,0.462,221.1,105.7,35.42,286.3,393.4,291.9,0.335
"2021-03-29 17:51:00",159,12.97,20.5,225.9,13.55487,97.99723,15.33,20.22,0,0.686,246.6,102.8,37.96,286.2,393.3,291.9,0.37
"2021-03-29 17:52:00",160,12.97,20.48,220.7,13.2411,97.99331,15.38,20.22,0,0.482,198.7,99.3,37.09,286.3,393.7,292,0.374
"2021-03-29 17:53:00",161,12.97,20.46,213.8,12.82556,97.9938,15.44,20.21,0,0.237,200.4,95.5,36.47,286.4,393.9,292,0.382
"2021-03-29 17:54:00",162,12.97,20.45,207,12.42271,97.99911,15.5,19.73,0,0.439,172.9,91.6,37.35,286.6,394.2,292.1,0.408
"2021-03-29 17:55:00",163,12.97,20.43,200.4,12.02573,97.9967,15.56,19.69,0,0.564,165.3,87.9,34.61,286.7,394.2,292.2,0.394
"2021-03-29 17:56:00",164,12.97,20.41,193.5,11.61093,97.99409,15.64,21,0,0.929,210.7,84.6,29.52,286.6,394.1,292.2,0.349
"2021-03-29 17:57:00",165,12.96,20.4,187,11.21999,97.99067,15.71,19.77,0,1.169,188.9,81.6,26.78,286.9,394.1,292.2,0.328
"2021-03-29 17:58:00",166,12.97,20.38,181.1,10.86555,97.98905,15.77,23.1,0,0.585,197.9,79.05,28.41,286.6,394,292.3,0.36
"2021-03-29 17:59:00",167,12.97,20.36,174.8,10.48985,97.99103,15.77,26.75,0,0.403,199.2,76.13,28.67,286,393.6,292.4,0.377
"2021-03-29 18:00:00",168,12.97,20.35,168.7,10.12178,97.99319,15.7,25.97,0,0.644,190.5,71.96,25.58,286.1,393.4,292.4,0.355
"2021-03-29 18:01:00",169,12.97,20.34,162.1,9.723106,97.99133,15.57,28.16,0,0.928,182.7,68.32,19.38,286.5,393.4,292.4,0.283
"2021-03-29 18:02:00",170,12.97,20.32,155.7,9.339718,97.98809,15.45,26.46,0,0.957,191.2,64.78,16.23,286.5,393.1,292.4,0.25
"2021-03-29 18:03:00",171,12.97,20.31,148.6,8.918183,97.98865,15.34,28.17,0,0.488,262.2,61.59,11.84,286.5,392.9,292.4,0.192
"2021-03-29 18:04:00",172,12.97,20.3,142.2,8.531425,97.99232,15.26,29.07,0,0.604,186.2,58.9,10.89,286.5,392.8,292.4,0.185
"2021-03-29 18:05:00",173,12.97,20.28,135.9,8.151452,97.99234,15.14,26.46,0,0.789,181.9,56.27,11.91,286.7,392.6,292.3,0.212
"2021-03-29 18:06:00",174,12.97,20.27,128.6,7.715505,97.99118,15.05,28.28,0,0.755,190.2,52.76,12.27,286.6,392.3,292.3,0.233
"2021-03-29 18:07:00",175,12.96,20.26,104.9,6.295719,97.99134,15.03,26.89,0,0.678,200.1,36.52,6.602,286.9,392.3,292.3,0.174
"2021-03-29 18:08:00",176,12.97,20.25,73.99,4.439146,97.9901,14.97,27.7,0,0.644,191.7,15.47,-0.282,286.8,392,292.2,-0.04
"2021-03-29 18:09:00",177,12.97,20.23,63.33,3.799661,97.99059,14.83,32.42,0,0.717,190.2,8.58,-1.551,286.7,391.2,292,-0.182
"2021-03-29 18:10:00",178,12.97,20.22,61.21,3.67245,97.99249,14.67,27.1,0,0.946,182.4,7.621,-1.613,286.7,390.6,291.9,-0.212
"2021-03-29 18:11:00",179,12.97,20.2,59.68,3.580861,97.99121,14.49,29.16,0,0.709,204.6,7.448,-1.277,286.5,390.4,291.7,-0.172
"2021-03-29 18:12:00",180,12.97,20.19,58.15,3.489263,97.99207,14.37,24.73,0,0.774,195.6,7.421,-1.026,286.9,390.1,291.6,-0.138
"2021-03-29 18:13:00",181,12.97,20.17,56.53,3.391721,97.99496,14.28,27.68,0,0.16,155.3,7.085,-0.705,286,389.8,291.5,-0.099
"2021-03-29 18:14:00",182,12.97,20.16,54.86,3.291635,97.99618,14.19,29,0,0,155.1,6.55,-0.407,285.7,389.4,291.4,-0.062
"2021-03-29 18:15:00",183,12.97,20.13,53.25,3.194956,97.99542,14.13,29.2,0,0,155.1,6.087,-0.094,285.6,389.3,291.3,-0.015
"2021-03-29 18:16:00",184,12.97,20.11,51.64,3.098263,97.99584,14.01,37.29,0,0.118,322.9,5.852,0.149,286,389,291.2,0.025
"2021-03-29 18:17:00",185,12.97,20.08,50.05,3.003266,97.99794,13.65,34.37,0,0.459,315.8,5.371,-0.564,286.2,388.6,291.1,-0.107
"2021-03-29 18:18:00",186,12.98,20.05,48.39,2.903182,98.0014,13.48,30.29,0,0.204,315.9,4.881,-0.869,285.7,388.4,290.9,-0.178
"2021-03-29 18:19:00",187,12.98,20.03,46.7,2.802251,98.00285,13.44,35.47,0,0.013,316.1,4.718,-0.376,285.5,388.2,290.8,-0.08
"2021-03-29 18:20:00",188,12.98,19.99,44.97,2.697935,98.00413,13.38,30.25,0,0.358,316,4.391,-0.313,285.9,388,290.7,-0.072
"2021-03-29 18:21:00",189,12.98,19.96,43.24,2.594474,98.00994,13.3,35.36,0,0.23,316,3.937,-0.321,285.5,387.5,290.5,-0.084
"2021-03-29 18:22:00",190,12.98,19.93,41.5,2.490148,98.00926,13.16,37.08,0,0.029,316.1,3.375,-0.54,285.5,387.2,290.4,-0.162
"2021-03-29 18:23:00",191,12.98,19.89,39.71,2.382439,98.00738,13.07,33.3,0,0,316.1,2.912,-0.368,285.4,387.1,290.3,-0.126
"2021-03-29 18:24:00",192,12.98,19.85,37.93,2.275567,98.00751,13.02,36.28,0,0.495,330.7,2.722,-0.196,285.1,387,290.1,-0.072
"2021-03-29 18:25:00",193,12.98,19.81,36.19,2.171242,98.01078,12.89,37.02,0,0.467,330.7,2.25,-0.446,284.7,386.6,290,-0.199
"2021-03-29 18:26:00",194,12.98,19.77,34.43,2.066087,98.01339,12.84,41.48,0,0.021,330.6,1.851,-0.149,284.2,386.2,289.9,-0.078
"2021-03-29 18:27:00",195,12.97,19.72,32.61,1.956688,98.01667,12.75,41.11,0,0,330.7,1.125,-0.18,283.7,386,289.7,-0.178
"2021-03-29 18:28:00",196,12.98,19.67,30.86,1.851521,98.01938,12.67,43.73,0,0,330.7,0.599,0.07,283.2,385.7,289.6,0.132
"2021-03-29 18:29:00",197,12.98,19.63,29.05,1.742954,98.02018,12.58,45.68,0,0,330.7,0.118,0.094,283,385.5,289.5,-0.158
"2021-03-29 18:30:00",198,12.99,19.58,27.37,1.642018,98.0202,12.51,46.63,0,0,318.1,-0.617,0.235,282.6,385.1,289.5,-0.392
"2021-03-29 18:31:00",199,12.99,19.53,25.6,1.535995,98.01995,12.44,49.9,0,0,318.1,-1.089,0.392,282.9,385.2,289.4,-0.36
"2021-03-29 18:32:00",200,12.99,19.49,23.92,1.435073,98.02346,12.35,49.26,0,0.498,309.2,-1.261,0.439,283.5,385.2,289.3,-0.349
"2021-03-29 18:33:00",201,12.99,19.43,22.24,1.334148,98.02407,12.17,45.89,0,0.869,304,-1.47,-0.094,283.2,384.9,289.1,0.055
"2021-03-29 18:34:00",202,12.99,19.38,20.58,1.234918,98.02216,11.98,48.92,0,1.294,314.8,-1.706,-0.478,283.2,384.6,288.8,0.275
"2021-03-29 18:35:00",203,12.99,19.33,18.97,1.138228,98.02012,11.74,47.69,0,1.463,321.2,-2.059,-0.955,283.3,384.3,288.6,0.463
"2021-03-29 18:36:00",204,12.99,19.28,17.39,1.043231,98.01938,11.61,53.49,0,1.416,315.9,-2.368,-1.073,282.9,384.1,288.4,0.454
"2021-03-29 18:37:00",205,12.99,19.23,15.89,0.9533252,98.02133,11.43,51.1,0,1.307,316.1,-2.74,-1.128,282.6,383.7,288.1,0.412
"2021-03-29 18:38:00",206,12.99,19.17,14.45,0.8668174,98.02266,11.28,57.36,0,1.682,314.8,-3.094,-1.096,282.6,383.5,287.9,0.355
"2021-03-29 18:39:00",207,12.99,19.11,13.05,0.7828582,98.02616,11.17,50.94,0,1.4,314.2,-3.429,-1.034,282.2,383.1,287.7,0.302
"2021-03-29 18:40:00",208,13,19.06,11.69,0.7014371,98.0256,11.15,44.69,0,1.318,318.4,-3.765,-0.83,282,382.8,287.6,0.221
"2021-03-29 18:41:00",209,13,18.99,10.49,0.62934,98.02368,11.29,56.62,0,1.524,319.5,-3.72,-0.141,281.7,382.5,287.5,0.038
"2021-03-29 18:42:00",210,13,18.94,9.33,0.5597887,98.02258,11.18,56.84,0,1.72,322.9,-3.992,-0.172,281.7,382.4,287.3,0.043
"2021-03-29 18:43:00",211,13,18.88,8.3,0.4978756,98.02439,11.1,54.78,0,1.901,312,-4.137,-0.094,281.6,382.2,287.2,0.022
"2021-03-29 18:44:00",212,13,18.82,7.28,0.4368105,98.02756,10.98,55.07,0,1.668,318.4,-4.518,-0.235,281.1,381.9,287,0.052
"2021-03-29 18:45:00",213,13,18.76,6.361,0.3816802,98.0309,10.95,56.29,0,1.702,314.1,-4.763,-0.047,281,381.6,286.9,0.01
"2021-03-29 18:46:00",214,13,18.69,5.541,0.3324858,98.03167,10.91,57.33,0,1.671,311,-4.935,0.047,280.8,381.5,286.8,-0.009
"2021-03-29 18:47:00",215,13,18.63,4.764,0.2858363,98.03107,10.88,53.24,0,1.547,329.3,-5.208,0.18,280.5,381.2,286.7,-0.035
"2021-03-29 18:48:00",216,13.01,18.57,4.1,0.2459715,98.03115,10.99,56.61,0,1.64,322.6,-5.189,0.619,280.5,381,286.6,-0.119
"2021-03-29 18:49:00",217,13.01,18.51,3.562,0.2137422,98.03234,10.95,56.22,0,1.516,314.6,-5.38,0.611,280.4,380.9,286.6,-0.114
"2021-03-29 18:50:00",218,13.01,18.45,2.997,0.1798156,98.03308,10.91,54.34,0,1.545,314.5,-5.561,0.634,280.3,380.7,286.5,-0.114
"2021-03-29 18:51:00",219,13.01,18.38,2.53,0.1518256,98.03583,10.88,42.52,0,1.292,322.5,-5.834,0.54,280.4,380.4,286.4,-0.093
"2021-03-29 18:52:00",220,13.01,18.32,2.149,0.1289245,98.03321,10.94,56.07,0,1.981,321.8,-5.725,0.76,280.3,380.3,286.4,-0.133
"2021-03-29 18:53:00",221,13.01,18.26,1.781,0.1068716,98.03526,10.74,55.87,0,1.769,323.9,-6.006,0.509,280.2,380.2,286.3,-0.085
"2021-03-29 18:54:00",222,13.01,18.2,1.484,0.08905982,98.0365,10.72,52.77,0,1.544,323.2,-6.124,0.572,280.3,380,286.2,-0.093
"2021-03-29 18:55:00",223,13.01,18.14,1.258,0.07548905,98.03955,10.67,48.54,0,1.766,3.451,-6.26,0.501,280.2,379.9,286.2,-0.08
"2021-03-29 18:56:00",224,13.01,18.07,1.06,0.06361458,98.04001,10.7,56.13,0,1.534,317.3,-6.197,0.713,279.5,379.7,286.1,-0.115
"2021-03-29 18:57:00",225,13.01,18.01,0.848,0.05089178,98.03948,10.6,53.42,0,1.82,310.8,-6.333,0.705,279.6,379.6,286.1,-0.111
"2021-03-29 18:58:00",226,13.02,17.95,0.721,0.04325793,98.03961,10.59,54.29,0,1.918,344.2,-6.26,0.783,279.7,379.5,286,-0.125
"2021-03-29 18:59:00",227,13.02,17.89,0.608,0.03647219,98.04038,10.54,53.15,0,2.001,320,-6.26,0.783,279.3,379.3,286,-0.125
"2021-03-29 19:00:00",228,13.02,17.83,0.523,0.03138319,98.04366,10.53,55.58,0,1.931,319.2,-6.206,0.83,279.3,379.2,285.9,-0.134
"2021-03-29 19:01:00",229,13.02,17.77,0.481,0.02883871,98.04357,10.47,49.82,0,1.967,328.8,-6.215,0.736,279.7,378.9,285.9,-0.118
"2021-03-29 19:02:00",230,13.02,17.71,0.438,0.02629417,98.04302,10.47,45.57,0,2.087,332.3,-6.242,0.634,279.5,378.9,285.8,-0.102
"2021-03-29 19:03:00",231,13.02,17.66,0.353,0.02120497,98.04322,10.58,51.6,0,2.135,321.2,-5.997,0.971,279.2,378.7,285.8,-0.162
"2021-03-29 19:04:00",232,13.02,17.59,0.325,0.01950853,98.04389,10.46,50.44,0,2.296,322.2,-6.088,0.854,279.2,378.7,285.7,-0.14
"2021-03-29 19:05:00",233,13.03,17.54,0.339,0.02035669,98.0451,10.41,54.96,0,2.314,328.4,-6.015,0.862,279.2,378.6,285.7,-0.143
"2021-03-29 19:06:00",234,13.03,17.48,0.297,0.01781215,98.04854,10.35,56.55,0,2.202,326.4,-6.006,0.838,279,378.3,285.6,-0.14
"2021-03-29 19:07:00",235,13.02,17.42,0.269,0.01611584,98.05177,10.21,51.72,0,1.924,331.9,-6.16,0.658,278.9,378.2,285.6,-0.107
"2021-03-29 19:08:00",236,13.03,17.37,0.254,0.01526777,98.05182,10.22,53.43,0,1.991,328.2,-6.169,0.721,278.9,378.1,285.5,-0.117
"2021-03-29 19:09:00",237,13.03,17.31,0.24,0.01441952,98.05322,10.21,53.04,0,1.96,327.7,-6.206,0.736,278.7,377.9,285.5,-0.119
"2021-03-29 19:10:00",238,13.03,17.26,0.24,0.0144195,98.05518,10.23,57.5,0,1.769,313.6,-6.16,0.963,278.5,377.8,285.5,-0.157
"2021-03-29 19:11:00",239,13.03,17.2,0.226,0.01357131,98.05514,10.13,58.61,0,1.829,316.2,-6.224,0.862,278.4,377.6,285.5,-0.138
"2021-03-29 19:12:00",240,13.03,17.15,0.198,0.01187493,98.05514,10.06,55.05,0,1.766,318.6,-6.305,0.822,278.2,377.5,285.4,-0.13
"2021-03-29 19:13:00",241,13.03,17.1,0.198,0.01187492,98.05622,10.03,56.05,0,1.741,319.4,-6.315,0.854,277.9,377.4,285.4,-0.135
"2021-03-29 19:14:00",242,13.03,17.04,0.17,0.01017849,98.05902,10.04,57.87,0,1.542,316.8,-6.315,0.995,277.6,377.3,285.4,-0.158
"2021-03-29 19:15:00",243,13.04,16.99,0.198,0.01187496,98.05979,10,57.75,0,1.668,320.3,-6.369,0.987,277.5,377.1,285.4,-0.155
"2021-03-29 19:16:00",244,13.04,16.94,0.184,0.01102677,98.06036,9.9,56.77,0,1.857,336.5,-6.378,0.893,277.8,377.1,285.3,-0.14
"2021-03-29 19:17:00",245,13.03,16.88,0.17,0.01017861,98.05962,9.82,59,0,2.163,318.9,-6.324,0.799,277.9,377.1,285.3,-0.126
"2021-03-29 19:18:00",246,13.04,16.83,0.198,0.01187509,98.06299,9.84,54.97,0,2.154,324.8,-6.188,0.783,277.8,376.9,285.2,-0.127
"2021-03-29 19:19:00",247,13.04,16.78,0.184,0.01102692,98.06513,9.86,58.32,0,2.105,333.9,-6.042,0.846,277.6,376.9,285.2,-0.14
"2021-03-29 19:20:00",248,13.04,16.73,0.184,0.01102695,98.06721,9.84,58.13,0,1.875,2.59,-6.042,0.846,277.3,376.6,285.1,-0.14
"2021-03-29 19:21:00",249,13.04,16.68,0.17,0.01017872,98.07262,9.79,60.86,0,1.965,324.4,-6.042,0.901,277.3,376.4,285.1,-0.149
"2021-03-29 19:22:00",250,13.04,16.63,0.198,0.01187521,98.07402,9.71,58.18,0,2.078,321.2,-6.079,0.838,277.6,376.5,285,-0.138
"2021-03-29 19:23:00",251,13.04,16.57,0.184,0.01102696,98.07587,9.72,57.45,0,1.986,334.6,-6.024,0.901,277.5,376.3,285,-0.15
"2021-03-29 19:24:00",252,13.05,16.53,0.17,0.01017876,98.0793,9.74,65.07,0,1.766,334.8,-6.033,1.026,277.2,376.2,285,-0.17
"2021-03-29 19:25:00",253,13.05,16.48,0.184,0.01102702,98.08086,9.71,59.85,0,1.983,324.1,-5.961,1.159,277,376,285,-0.195
"2021-03-29 19:26:00",254,13.05,16.43,0.24,0.01441993,98.08038,9.65,49.45,0,1.945,327.4,-6.061,1.034,277.6,376,285,-0.171
"2021-03-29 19:27:00",255,13.04,16.38,0.17,0.01017878,98.08045,9.8,52.03,0,1.707,338.7,-5.879,1.198,277.8,375.9,285,-0.204
"2021-03-29 19:28:00",256,13.05,16.33,0.212,0.01272352,98.07975,9.72,58.49,0,2.226,317.2,-5.943,1.05,277.2,375.8,284.9,-0.177
"2021-03-29 19:29:00",257,13.05,16.29,0.184,0.01102709,98.0817,9.64,58.44,0,1.815,307,-5.915,1.104,277,375.7,284.9,-0.187
"2021-03-29 19:30:00",258,13.05,16.24,0.212,0.01272358,98.08219,9.7,45.48,0,1.181,0.095,-6.042,1.136,277.4,375.6,284.9,-0.189
"2021-03-29 19:31:00",259,13.05,16.19,0.184,0.01102711,98.08356,10.06,53.21,0,1.3,311.8,-5.407,1.935,277.3,375.7,285,-0.358
"2021-03-29 19:32:00",260,13.05,16.15,0.198,0.0118753,98.0809,10.05,53.15,0,1.784,328.3,-5.516,1.841,277,375.6,285,-0.334
"2021-03-29 19:33:00",261,13.05,16.1,0.17,0.01017884,98.07957,9.81,55.09,0,2.133,333.9,-5.743,1.3,277.4,375.7,285,-0.227
"2021-03-29 19:34:00",262,13.06,16.06,0.184,0.01102712,98.08294,9.67,56.67,0,2.337,328.7,-5.807,1.01,277.3,375.6,284.9,-0.175
"2021-03-29 19:35:00",263,13.06,16.02,0.184,0.01102715,98.08485,9.56,47.88,0,2.182,337.4,-5.852,0.807,277.2,375.2,284.9,-0.138
"2021-03-29 19:36:00",264,13.06,15.97,0.17,0.01017895,98.08889,9.63,58.96,0,1.823,322.5,-5.915,0.744,277.1,375,284.8,-0.126
"2021-03-29 19:37:00",265,13.05,15.93,0.17,0.01017896,98.09035,9.38,63.2,0,2.06,329.2,-6.124,0.509,277,375,284.8,-0.083
"2021-03-29 19:38:00",266,13.06,15.89,0.17,0.01017895,98.08835,9.31,65.64,0,2.081,327.4,-6.179,0.572,276.5,375,284.7,-0.093
"2021-03-29 19:39:00",267,13.06,15.84,0.184,0.01102718,98.0917,9.36,59.71,0,1.932,329.9,-6.024,0.862,276.3,374.8,284.7,-0.143
"2021-03-29 19:40:00",268,13.06,15.8,0.17,0.01017897,98.09705,9.38,61.72,0,1.87,325.7,-5.952,1.065,276.4,374.8,284.7,-0.179
"2021-03-29 19:41:00",269,13.06,15.76,0.184,0.01102724,98.09689,9.31,55.45,0,1.967,335.5,-5.997,1.003,276.8,374.7,284.7,-0.167
"2021-03-29 19:42:00",270,13.06,15.72,0.184,0.01102723,98.0962,9.35,62.72,0,2.149,331,-5.888,1.003,276.7,374.7,284.6,-0.17
"2021-03-29 19:43:00",271,13.06,15.68,0.17,0.01017899,98.09838,9.25,53.48,0,2.532,338.2,-5.816,0.909,276.4,374.6,284.6,-0.156
"2021-03-29 19:44:00",272,13.07,15.64,0.17,0.01017901,98.09911,9.26,54.07,0,2.236,337.5,-5.761,0.924,276.3,374.4,284.5,-0.163
"2021-03-29 19:45:00",273,13.07,15.59,0.184,0.01102728,98.1037,9.38,57.04,0,1.953,348.6,-5.562,1.222,276,374.2,284.5,-0.22
"2021-03-29 19:46:00",274,13.07,15.55,0.17,0.01017904,98.10422,9.27,54.95,0,2.146,342.4,-5.734,1.026,276,374.1,284.5,-0.179
"2021-03-29 19:47:00",275,13.06,15.51,0.17,0.01017905,98.10877,9.28,56.73,0,1.999,352.6,-5.761,0.987,275.5,374,284.5,-0.172
"2021-03-29 19:48:00",276,13.07,15.48,0.184,0.01102732,98.1115,9.22,57.92,0,2.189,24,-5.788,0.924,275.2,373.8,284.4,-0.16
"2021-03-29 19:49:00",277,13.07,15.43,0.184,0.01102732,98.11222,9.26,60.78,0,2.063,352.8,-5.534,1.183,275.2,373.4,284.4,-0.214
"2021-03-29 19:50:00",278,13.07,15.4,0.17,0.01017907,98.11292,9.23,58.57,0,2.177,354.6,-5.553,1.104,275.3,373.3,284.4,-0.2
"2021-03-29 19:51:00",279,13.07,15.36,0.156,0.009330847,98.1163,9.19,57.34,0,1.419,8.68,-5.707,0.995,275.2,373.2,284.4,-0.175
"2021-03-29 19:52:00",280,13.07,15.32,0.184,0.0110274,98.11767,9.26,56.94,0,1.798,13,-5.407,1.378,275.5,373.2,284.4,-0.256
"2021-03-29 19:53:00",281,13.07,15.28,0.17,0.01017918,98.11646,9.19,54.38,0,2.345,345.5,-5.489,1.151,276.1,373.3,284.4,-0.21
"2021-03-29 19:54:00",282,13.07,15.24,0.17,0.0101792,98.11655,9.06,66.24,0,2.87,333.1,-5.48,0.854,275.8,373.4,284.3,-0.157
"2021-03-29 19:55:00",283,13.07,15.21,0.17,0.01017921,98.11857,8.82,63.52,0,2.657,339.8,-5.707,0.572,275.5,373.3,284.2,-0.1
"2021-03-29 19:56:00",284,13.08,15.17,0.17,0.01017919,98.11739,8.64,68.02,0,3.136,340.5,-5.734,0.384,275.2,373.2,284.1,-0.067
"2021-03-29 19:57:00",285,13.07,15.13,0.17,0.01017926,98.12048,8.54,71.94,0,2.729,354.6,-5.798,0.298,274.4,372.9,284,-0.052
"2021-03-29 19:58:00",286,13.08,15.1,0.17,0.0101793,98.12097,8.5,70.78,0,2.904,345.1,-5.643,0.501,274.4,372.6,284,-0.089
"2021-03-29 19:59:00",287,13.08,15.06,0.184,0.01102759,98.12114,8.4,69.1,0,2.719,343.6,-5.652,0.47,274,372.6,283.9,-0.084
"2021-03-29 20:00:00",288,13.08,15.02,0.17,0.01017928,98.12331,8.38,70.94,0,2.953,350.5,-5.589,0.611,274.7,372.3,283.8,-0.11
"2021-03-29 20:01:00",289,13.08,14.98,0.17,0.0101793,98.12546,8.33,69.13,0,2.863,175.5,-5.471,0.619,274.2,372.1,283.7,-0.113
"2021-03-29 20:02:00",290,13.08,14.95,0.184,0.01102761,98.12679,8.28,69.13,0,2.971,347.4,-5.417,0.681,273.8,371.9,283.7,-0.126
"2021-03-29 20:03:00",291,13.08,14.91,0.17,0.01017937,98.12927,8.27,66.85,0,3.139,352.4,-5.389,0.681,273.1,371.7,283.6,-0.127
"2021-03-29 20:04:00",292,13.08,14.87,0.17,0.01017939,98.132,8.17,67.86,0,3,0.036,-5.398,0.603,272.7,371.6,283.6,-0.113
"2021-03-29 20:05:00",293,13.08,14.83,0.17,0.01017938,98.13366,8.19,70.46,0,3.072,8.65,-5.371,0.627,272.7,371.3,283.5,-0.117
"2021-03-29 20:06:00",294,13.09,14.79,0.17,0.01017941,98.1369,8.15,67.6,0,3.064,350.5,-5.308,0.775,272.8,371.2,283.5,-0.146
"2021-03-29 20:07:00",295,13.08,14.76,0.17,0.01017936,98.13885,8.07,70.18,0,3.221,13.29,-5.326,0.658,272.6,371.2,283.4,-0.124
"2021-03-29 20:08:00",296,13.09,14.72,0.198,0.01187593,98.14214,8.1,68.93,0,2.925,351.5,-5.253,0.791,272.1,370.8,283.4,-0.151
"2021-03-29 20:09:00",297,13.09,14.68,0.17,0.0101794,98.14334,8.05,69.09,0,2.966,353.3,-5.181,0.869,272.2,371.1,283.3,-0.168
"2021-03-29 20:10:00",298,13.09,14.64,0.198,0.011876,98.14666,8.01,64.74,0,2.912,343.5,-5.281,0.877,272,370.9,283.3,-0.167
"2021-03-29 20:11:00",299,13.09,14.6,0.212,0.01272428,98.14942,7.995,62.58,0,3,353.4,-5.262,0.932,272.1,370,283.3,-0.177
"2021-03-29 20:12:00",300,13.09,14.56,0.198,0.01187597,98.14872,7.98,67.01,0,3.069,343.1,-5.29,0.822,272.2,369.6,283.2,-0.156
"2021-03-29 20:13:00",301,13.09,14.52,0.184,0.01102763,98.1507,7.948,67.98,0,2.821,6.124,-5.362,0.815,271.9,369.5,283.2,-0.152
"2021-03-29 20:14:00",302,13.09,14.48,0.198,0.011876,98.15134,8.07,62.4,0,2.653,3.184,-5.099,1.167,272,369.7,283.2,-0.229
"2021-03-29 20:15:00",303,13.09,14.44,0.17,0.01017951,98.1525,8.12,62.73,0,2.711,0.089,-4.954,1.339,271.8,369.6,283.2,-0.271
"2021-03-29 20:16:00",304,13.09,14.4,0.17,0.01017956,98.15266,8.09,68.75,0,2.989,0.095,-5.054,1.144,271.9,369.4,283.2,-0.227
"2021-03-29 20:17:00",305,13.09,14.37,0.156,0.009331267,98.15402,7.97,69.45,0,3.2,351,-5.108,0.956,272.4,369.5,283.2,-0.188
"2021-03-29 20:18:00",306,13.1,14.33,0.17,0.01017956,98.15343,7.887,68.52,0,2.974,348,-5.135,0.885,272.3,369.6,283.1,-0.173
"2021-03-29 20:19:00",307,13.1,14.29,0.17,0.01017957,98.15485,7.916,68.82,0,2.814,350.3,-5.154,0.932,271.9,369.5,283.1,-0.181
"2021-03-29 20:20:00",308,13.1,14.25,0.17,0.0101796,98.15479,7.958,68.6,0,2.795,352.5,-5.036,1.136,272.4,369.5,283.1,-0.226
"2021-03-29 20:21:00",309,13.1,14.22,0.17,0.01017961,98.15747,8.03,70.52,0,2.555,8.65,-4.845,1.292,272.2,369.3,283.1,-0.267
"2021-03-29 20:22:00",310,13.1,14.18,0.156,0.009331262,98.16296,8.04,67.14,0,2.76,18.49,-4.809,1.347,272.1,369.1,283.1,-0.28
"2021-03-29 20:23:00",311,13.1,14.14,0.17,0.01017959,98.16196,8.08,67.11,0,2.785,2.982,-4.745,1.316,272,368.9,283.1,-0.278
"2021-03-29 20:24:00",312,13.1,14.11,0.17,0.01017958,98.16251,8.05,67.37,0,2.806,7.799,-4.791,1.285,272,368.8,283.1,-0.268
"2021-03-29 20:25:00",313,13.1,14.07,0.17,0.01017963,98.16458,8.03,63.49,0,2.832,353.8,-4.818,1.245,272.1,368.9,283.1,-0.259
"2021-03-29 20:26:00",314,13.1,14.04,0.17,0.01017968,98.16196,7.94,64.88,0,3.134,6.48,-4.854,1.128,272.1,369.2,283.1,-0.233
"2021-03-29 20:27:00",315,13.1,14,0.17,0.01017971,98.16604,7.823,68.94,0,3.058,5.666,-5.036,0.885,271.5,369.2,283.1,-0.176
"2021-03-29 20:28:00",316,13.11,13.97,0.17,0.01017972,98.16602,7.667,68.31,0,3.1,1.687,-5.181,0.65,271.3,368.9,283,-0.126
"2021-03-29 20:29:00",317,13.11,13.93,0.17,0.01017972,98.16526,7.577,66.48,0,3.059,5.827,-5.308,0.548,271,368.8,282.9,-0.103
"2021-03-29 20:30:00",318,13.11,13.9,0.17,0.01017972,98.16733,7.584,68.27,0,3.022,352.4,-5.272,0.674,270.9,368.7,282.9,-0.128
"2021-03-29 20:31:00",319,13.11,13.86,0.17,0.01017977,98.1712,7.604,69.94,0,3.156,349.5,-5.208,0.791,270.9,368.6,282.9,-0.152
"2021-03-29 20:32:00",320,13.11,13.83,0.17,0.0101798,98.17446,7.587,70.56,0,2.999,7.412,-5.308,0.768,270.9,368.6,282.8,-0.145
"2021-03-29 20:33:00",321,13.11,13.79,0.17,0.01017979,98.17722,7.697,65.53,0,2.817,345.8,-5.045,1.151,270.8,368.6,282.8,-0.229
"2021-03-29 20:34:00",322,13.11,13.76,0.156,0.009331467,98.17795,7.787,67.11,0,2.783,0.048,-4.9,1.332,270.8,368.4,282.9,-0.273
"2021-03-29 20:35:00",323,13.11,13.72,0.17,0.0101798,98.17859,7.776,63.8,0,2.845,354.5,-4.945,1.316,271,368.4,282.9,-0.266
"2021-03-29 20:36:00",324,13.11,13.69,0.17,0.01017982,98.1779,7.731,68.25,0,2.757,1.134,-5.108,1.097,271.1,368.4,282.9,-0.215
"2021-03-29 20:37:00",325,13.11,13.66,0.17,0.01017984,98.17991,7.773,58.53,0,2.631,0.048,-5.063,1.277,271.3,368.4,282.9,-0.253
"2021-03-29 20:38:00",326,13.11,13.63,0.17,0.01017986,98.18234,7.885,66.55,0,2.768,343.4,-4.836,1.559,271.2,368.4,282.9,-0.323
"2021-03-29 20:39:00",327,13.11,13.59,0.184,0.01102816,98.18112,7.77,65.87,0,3.053,344,-4.981,1.277,271.4,368.4,282.9,-0.256
"2021-03-29 20:40:00",328,13.11,13.56,0.17,0.01017982,98.1819,7.615,67.64,0,2.925,340.3,-5.208,0.94,271.3,368.3,282.8,-0.181
"2021-03-29 20:41:00",329,13.12,13.53,0.17,0.01017984,98.17931,7.582,66.71,0,2.917,344.5,-5.281,0.877,271.4,368.3,282.8,-0.166
"2021-03-29 20:42:00",330,13.12,13.5,0.17,0.01017989,98.17655,7.543,64,0,3.014,341.1,-5.299,0.862,271.4,368.3,282.8,-0.163
"2021-03-29 20:43:00",331,13.12,13.47,0.17,0.01017993,98.1778,7.609,63.32,0,2.873,339.3,-5.154,1.042,271.3,368.2,282.8,-0.203
"2021-03-29 20:44:00",332,13.12,13.43,0.17,0.01017996,98.17982,7.594,65.43,0,2.902,338,-5.126,1.057,271.2,368.1,282.7,-0.207
"2021-03-29 20:45:00",333,13.12,13.41,0.17,0.01017995,98.18125,7.526,64.98,0,2.951,342.6,-5.19,0.987,271.4,368.1,282.7,-0.19
"2021-03-29 20:46:00",334,13.12,13.37,0.17,0.01017995,98.18128,7.542,65.9,0,3.009,354.6,-5.126,1.026,271.4,368,282.7,-0.2
"2021-03-29 20:47:00",335,13.11,13.34,0.17,0.01017995,98.18186,7.471,65.55,0,2.937,352.6,-5.136,0.971,271.3,367.9,282.7,-0.189
"2021-03-29 20:48:00",336,13.12,13.31,0.17,0.01017999,98.18175,7.362,67.21,0,3.033,0.089,-5.145,0.807,271.3,367.7,282.6,-0.157
"2021-03-29 20:49:00",337,13.12,13.28,0.17,0.01017998,98.18521,7.245,66.13,0,3.082,0.647,-5.235,0.658,271.2,367.5,282.6,-0.126
"2021-03-29 20:50:00",338,13.12,13.25,0.17,0.01018001,98.18665,7.205,65.34,0,3.205,0.089,-5.172,0.642,270.9,367.4,282.5,-0.124
"2021-03-29 20:51:00",339,13.12,13.22,0.17,0.01018001,98.18738,7.233,65.11,0,3.414,0.457,-5.009,0.791,270.9,367.3,282.5,-0.158
"2021-03-29 20:52:00",340,13.12,13.19,0.17,0.01018,98.19223,7.272,71.11,0,3.296,2.655,-4.881,0.916,270.8,367.2,282.5,-0.188
"2021-03-29 20:53:00",341,13.12,13.16,0.17,0.01018001,98.18762,7.342,69.95,0,3.34,353.4,-4.637,1.151,270.8,367.1,282.4,-0.25
"2021-03-29 20:54:00",342,13.13,13.13,0.17,0.01018003,98.18682,7.242,72.78,0,3.17,2.964,-4.791,0.963,270.5,367.2,282.4,-0.202
"2021-03-29 20:55:00",343,13.13,13.1,0.17,0.01018006,98.19088,7.245,71.69,0,2.824,1.633,-4.818,1.034,269.8,366.9,282.4,-0.215
"2021-03-29 20:56:00",344,13.13,13.07,0.17,0.01018008,98.19359,7.251,73.18,0,2.783,4.864,-4.9,1.112,269.8,366.8,282.4,-0.228
"2021-03-29 20:57:00",345,13.12,13.04,0.17,0.01018005,98.19583,7.277,68.38,0,2.963,10.26,-4.773,1.285,270.1,366.7,282.4,-0.27
"2021-03-29 20:58:00",346,13.13,13.01,0.17,0.01018003,98.19296,7.245,70.68,0,3.258,6.225,-4.854,1.057,270.4,366.6,282.4,-0.218
"2021-03-29 20:59:00",347,13.13,12.98,0.17,0.01018008,98.19162,7.272,69.1,0,3.231,346.8,-4.764,1.159,270.1,366.6,282.4,-0.243
"2021-03-29 21:00:00",348,13.13,12.95,0.17,0.01018012,98.1922,7.38,69.48,0,2.77,347.2,-4.573,1.41,270.1,366.7,282.4,-0.309
"2021-03-29 21:01:00",349,13.13,12.92,0.17,0.01018015,98.19358,7.359,69.18,0,3.118,17.55,-4.709,1.324,270.1,366.6,282.4,-0.282
"2021-03-29 21:02:00",350,13.13,12.9,0.17,0.01018014,98.19773,7.409,67.1,0,2.305,0.048,-4.727,1.41,269.8,366.6,282.5,-0.299
"2021-03-29 21:03:00",351,13.13,12.87,0.17,0.01018012,98.20179,7.451,62.19,0,2.408,15.18,-4.791,1.52,270.1,366.3,282.5,-0.318
"2021-03-29 21:04:00",352,13.13,12.84,0.17,0.01018017,98.20263,7.478,66.88,0,2.764,349.5,-4.736,1.535,270.3,366.2,282.5,-0.324
"2021-03-29 21:05:00",353,13.13,12.82,0.17,0.01018021,98.1997,7.341,67.91,0,3.223,0.089,-4.918,1.112,270.6,366.4,282.5,-0.227
"2021-03-29 21:06:00",354,13.13,12.79,0.184,0.01102859,98.19889,7.25,67.16,0,3.089,343.4,-5.009,0.94,270.4,366.5,282.5,-0.189
"2021-03-29 21:07:00",355,13.13,12.76,0.17,0.01018026,98.19906,7.145,68.36,0,3.291,344.3,-5.027,0.877,270.3,366.4,282.4,-0.175
"2021-03-29 21:08:00",356,13.14,12.74,0.17,0.01018025,98.20472,7.114,69.95,0,2.662,349.8,-5.181,0.775,270.2,366.2,282.4,-0.15
"2021-03-29 21:09:00",357,13.14,12.71,0.184,0.01102857,98.20606,7.167,67.23,0,2.667,0.089,-5.19,0.979,270.4,366.2,282.4,-0.189
"2021-03-29 21:10:00",358,13.14,12.69,0.17,0.01018021,98.20718,7.304,61.27,0,2.915,350.9,-4.972,1.285,270.4,366.1,282.4,-0.259
"2021-03-29 21:11:00",359,13.14,12.66,0.17,0.01018027,98.20636,7.441,62.7,0,2.626,349.7,-4.854,1.52,270.4,366.1,282.4,-0.313
"2021-03-29 21:12:00",360,13.14,12.64,0.17,0.01018029,98.20638,7.554,68.01,0,2.893,343.3,-4.618,1.731,270.4,366.1,282.5,-0.375
"2021-03-29 21:13:00",361,13.14,12.62,0.17,0.0101803,98.20907,7.402,66.07,0,2.855,347.5,-4.745,1.402,270.6,366.1,282.5,-0.297
"2021-03-29 21:14:00",362,13.14,12.59,0.17,0.01018032,98.20862,7.238,67.59,0,2.863,345.2,-5.099,0.963,270.9,366,282.4,-0.189
"2021-03-29 21:15:00",363,13.14,12.57,0.156,0.009331966,98.21194,7.244,66.41,0,2.6,1.901,-5.063,1.018,270.7,365.9,282.4,-0.201
"2021-03-29 21:16:00",364,13.14,12.54,0.17,0.01018036,98.21378,7.246,65.17,0,2.702,353.1,-5.081,1.065,270.7,365.8,282.4,-0.21
"2021-03-29 21:17:00",365,13.13,12.52,0.17,0.01018038,98.21506,7.261,67.72,0,2.775,350.8,-4.972,1.097,270.8,365.7,282.4,-0.221
"2021-03-29 21:18:00",366,13.14,12.5,0.17,0.01018036,98.21508,7.295,69.69,0,2.452,343.3,-5,1.183,270.5,365.6,282.4,-0.237
"2021-03-29 21:19:00",367,13.14,12.48,0.17,0.01018034,98.21577,7.275,66.7,0,2.558,2.732,-5.136,1.073,270.8,365.6,282.4,-0.209
"2021-03-29 21:20:00",368,13.14,12.45,0.17,0.01018034,98.21846,7.331,71.76,0,2.445,343.8,-5.009,1.222,270.6,365.6,282.4,-0.245
"2021-03-29 21:21:00",369,13.14,12.43,0.17,0.01018035,98.22114,7.29,69.74,0,2.592,351.6,-4.9,1.292,270.5,365.5,282.4,-0.266
"2021-03-29 21:22:00",370,13.14,12.41,0.17,0.01018035,98.22317,7.193,69.49,0,2.657,352.8,-5.136,1.057,270.7,365.5,282.4,-0.206
"2021-03-29 21:23:00",371,13.15,12.38,0.17,0.01018039,98.21898,7.269,66.03,0,3.031,348.9,-5.027,1.128,270.5,365.6,282.4,-0.225
"2021-03-29 21:24:00",372,13.15,12.36,0.156,0.009332027,98.22233,7.283,64.57,0,2.635,354.5,-4.854,1.261,270.3,365.5,282.4,-0.26
"2021-03-29 21:25:00",373,13.15,12.34,0.156,0.009332023,98.22318,7.213,66.36,0,2.679,339.1,-5.045,1.042,270.2,365.4,282.4,-0.207
"2021-03-29 21:26:00",374,13.15,12.32,0.156,0.009332022,98.2219,7.158,66.96,0,2.793,341,-5.226,0.909,270.3,365.5,282.4,-0.174
"2021-03-29 21:27:00",375,13.14,12.3,0.17,0.0101804,98.22324,7.19,68.43,0,2.574,340.4,-5.09,1.05,270.3,365.4,282.4,-0.206
"2021-03-29 21:28:00",376,13.15,12.28,0.17,0.01018042,98.22189,7.198,63.52,0,2.708,342.5,-5.054,1.144,270.3,365.4,282.4,-0.227
"2021-03-29 21:29:00",377,13.15,12.26,0.17,0.01018043,98.21994,7.224,64.23,0,2.636,349.3,-4.954,1.245,270.5,365.3,282.4,-0.252
"2021-03-29 21:30:00",378,13.15,12.24,0.17,0.01018049,98.22295,7.158,62.94,0,2.741,344.3,-5.063,1.081,270.1,365.2,282.4,-0.214
"2021-03-29 21:31:00",379,13.15,12.22,0.17,0.01018047,98.22641,7.116,66.23,0,2.674,346.6,-5.145,1.018,270.2,365.2,282.3,-0.198
"2021-03-29 21:32:00",380,13.15,12.2,0.156,0.00933208,98.22766,7.084,63.23,0,2.839,342.9,-5.154,0.971,270.4,365,282.3,-0.189
"2021-03-29 21:33:00",381,13.15,12.17,0.156,0.009332118,98.22825,7.047,65.39,0,2.845,347.6,-5.127,0.924,270.5,365.1,282.3,-0.18
"2021-03-29 21:34:00",382,13.15,12.15,0.17,0.01018052,98.23019,7.027,64.53,0,2.679,340.4,-5.054,0.995,270,364.9,282.3,-0.197
"2021-03-29 21:35:00",383,13.15,12.13,0.17,0.01018056,98.23023,6.948,68.06,0,2.77,352,-5.245,0.83,270.1,364.8,282.2,-0.159
"2021-03-29 21:36:00",384,13.15,12.11,0.156,0.009332202,98.23168,6.897,67.05,0,2.963,352.5,-5.127,0.869,270.4,364.8,282.2,-0.17
"2021-03-29 21:37:00",385,13.15,12.09,0.17,0.01018058,98.23376,6.826,66.45,0,2.84,346.9,-5.236,0.721,270.1,364.7,282.2,-0.138
"2021-03-29 21:38:00",386,13.15,12.07,0.17,0.01018054,98.23634,6.818,64.58,0,2.831,0.089,-5.199,0.807,270.1,364.6,282.1,-0.156
"2021-03-29 21:39:00",387,13.15,12.05,0.17,0.01018059,98.2376,6.815,65.44,0,2.71,351.2,-5.108,0.838,270,364.4,282.1,-0.164
"2021-03-29 21:40:00",388,13.15,12.03,0.17,0.01018062,98.23687,6.785,68.99,0,2.752,0.089,-5.118,0.838,270.2,364.3,282.1,-0.164
"2021-03-29 21:41:00",389,13.16,12.01,0.17,0.01018066,98.2348,6.746,68.19,0,2.958,351.6,-5.118,0.799,270.5,364.3,282,-0.156
"2021-03-29 21:42:00",390,13.16,11.99,0.156,0.009332266,98.2349,6.782,70.34,0,2.991,350.7,-4.927,0.94,270.4,364.4,282,-0.191
"2021-03-29 21:43:00",391,13.16,11.96,0.141,0.008483867,98.2397,6.764,71.05,0,2.971,0.095,-4.927,0.916,270.2,364.2,282,-0.186
"2021-03-29 21:44:00",392,13.16,11.94,0.156,0.009332258,98.24374,6.7,71.47,0,2.757,4.71,-4.945,0.854,270,363.9,282,-0.173
"2021-03-29 21:45:00",393,13.16,11.92,0.127,0.007635503,98.24566,6.734,71.91,0,2.68,6.433,-4.945,0.94,269.8,363.8,282,-0.191
"2021-03-29 21:46:00",394,13.16,11.9,0.141,0.00848391,98.24626,6.745,71.32,0,2.612,7.585,-4.927,1.042,269.6,363.7,282,-0.212
"2021-03-29 21:47:00",395,13.15,11.88,0.141,0.008483926,98.24554,6.733,70.27,0,2.775,353.9,-4.854,1.136,269.8,363.8,281.9,-0.234
"2021-03-29 21:48:00",396,13.16,11.86,0.156,0.009332256,98.24387,6.665,70.12,0,2.999,351.3,-4.927,0.979,269.9,363.9,281.9,-0.199
"2021-03-29 21:49:00",397,13.16,11.84,0.184,0.01102906,98.24445,6.581,70.72,0,3.01,348.1,-5.045,0.815,269.7,363.9,281.9,-0.162
"2021-03-29 21:50:00",398,13.16,11.82,0.156,0.009332272,98.24502,6.565,71.74,0,3.097,348,-5.036,0.846,269.6,363.7,281.8,-0.168
"2021-03-29 21:51:00",399,13.16,11.8,0.17,0.01018067,98.2443,6.626,71.72,0,3.012,350.2,-4.918,0.987,269.5,363.6,281.8,-0.201
"2021-03-29 21:52:00",400,13.16,11.78,0.141,0.008483911,98.24978,6.662,69.94,0,2.692,6.516,-4.845,1.097,269.5,363.3,281.8,-0.227
"2021-03-29 21:53:00",401,13.16,11.76,0.17,0.0101807,98.24997,6.767,66.48,0,2.391,15.07,-4.682,1.363,269.5,363.1,281.9,-0.291
"2021-03-29 21:54:00",402,13.16,11.74,0.17,0.01018068,98.25335,6.91,68.5,0,2.631,12.54,-4.482,1.668,269.5,363,281.9,-0.373
"2021-03-29 21:55:00",403,13.16,11.71,0.17,0.0101807,98.25388,6.954,71.29,0,2.755,14.23,-4.492,1.567,269.7,363,281.9,-0.349
"2021-03-29 21:56:00",404,13.16,11.7,0.17,0.01018076,98.25531,6.836,69.1,0,2.994,350,-4.591,1.316,269.7,363,281.9,-0.287
"2021-03-29 21:57:00",405,13.16,11.68,0.17,0.01018077,98.25386,6.786,68.83,0,2.978,352.5,-4.727,1.12,269.8,363,281.9,-0.237
"2021-03-29 21:58:00",406,13.17,11.66,0.17,0.01018081,98.25476,6.786,70.49,0,3.128,343.4,-4.682,1.151,269.9,363.2,281.9,-0.246
"2021-03-29 21:59:00",407,13.17,11.64,0.17,0.01018079,98.25497,6.613,70.52,0,3.227,349.1,-4.982,0.752,269.9,363.2,281.9,-0.152
"2021-03-29 22:00:00",408,13.17,11.62,0.17,0.01018077,98.25626,6.66,70.99,0,2.976,347.2,-4.855,0.971,269.5,363.1,281.8,-0.201
"2021-03-29 22:01:00",409,13.17,11.6,0.17,0.01018079,98.2561,6.715,72.05,0,2.996,338.3,-4.746,1.097,269.4,363,281.8,-0.232
"2021-03-29 22:02:00",410,13.17,11.58,0.17,0.01018082,98.25463,6.663,70.29,0,3.03,342.4,-4.882,0.995,269.4,362.9,281.8,-0.204
"2021-03-29 22:03:00",411,13.17,11.57,0.17,0.01018081,98.25583,6.701,70.42,0,2.85,353.6,-4.827,1.081,269.5,363,281.8,-0.224
"2021-03-29 22:04:00",412,13.17,11.55,0.17,0.01018081,98.25442,6.774,69.51,0,2.702,342.7,-4.8,1.198,269.4,362.9,281.9,-0.251
"2021-03-29 22:05:00",413,13.17,11.53,0.156,0.009332407,98.25366,6.77,66.77,0,2.899,349,-4.764,1.238,269.7,362.9,281.9,-0.26
"2021-03-29 22:06:00",414,13.17,11.51,0.17,0.01018081,98.25443,6.673,68.73,0,2.982,343.2,-4.827,1.042,269.7,362.8,281.8,-0.216
"2021-03-29 22:07:00",415,13.16,11.49,0.156,0.009332402,98.25306,6.551,70.21,0,2.958,346,-4.963,0.815,269.7,362.8,281.8,-0.164
"2021-03-29 22:08:00",416,13.17,11.48,0.17,0.0101808,98.25098,6.482,71.16,0,3.076,344.9,-4.963,0.76,269.4,362.9,281.8,-0.153
"2021-03-29 22:09:00",417,13.17,11.46,0.17,0.01018082,98.2509,6.318,72.3,0,3.102,348.3,-5.127,0.494,269.5,362.8,281.7,-0.097
"2021-03-29 22:10:00",418,13.17,11.44,0.17,0.01018084,98.25421,6.329,72.68,0,3.08,348.1,-5.054,0.611,269.3,362.7,281.6,-0.121
"2021-03-29 22:11:00",419,13.17,11.43,0.156,0.009332429,98.25754,6.369,70.78,0,2.736,335.9,-4.973,0.83,269,362.7,281.6,-0.168
"2021-03-29 22:12:00",420,13.17,11.41,0.17,0.01018083,98.25434,6.394,72.31,0,3.012,354.6,-4.954,0.924,269.3,362.7,281.6,-0.187
"2021-03-29 22:13:00",421,13.17,11.39,0.17,0.01018086,98.25427,6.382,70.33,0,2.786,344.1,-4.982,0.956,269.2,362.7,281.6,-0.192
"2021-03-29 22:14:00",422,13.17,11.37,0.17,0.01018092,98.25021,6.482,70.91,0,2.842,347.4,-4.891,1.144,268.7,362.7,281.6,-0.234
"2021-03-29 22:15:00",423,13.17,11.35,0.156,0.009332499,98.25033,6.442,69.86,0,2.948,340.2,-4.664,1.238,269,362.7,281.6,-0.267
"2021-03-29 22:16:00",424,13.17,11.33,0.17,0.01018089,98.25043,6.321,73.98,0,2.803,338.7,-4.991,0.869,269.1,362.6,281.6,-0.175
"2021-03-29 22:17:00",425,13.17,11.31,0.156,0.009332467,98.25387,6.326,72.4,0,2.855,339.6,-4.936,0.932,269.1,362.6,281.6,-0.189
"2021-03-29 22:18:00",426,13.18,11.29,0.17,0.01018087,98.25522,6.349,70.36,0,2.984,339.6,-4.891,1.034,269.1,362.6,281.6,-0.212
"2021-03-29 22:19:00",427,13.18,11.28,0.17,0.0101809,98.25579,6.359,70.69,0,2.661,340,-4.855,1.057,269.1,362.4,281.6,-0.218
"2021-03-29 22:20:00",428,13.18,11.26,0.17,0.01018092,98.25238,6.344,72.34,0,2.793,351.6,-4.882,1.003,269.1,362.4,281.5,-0.205
"2021-03-29 22:21:00",429,13.18,11.24,0.17,0.01018093,98.24981,6.316,72.05,0,2.586,352.4,-4.954,0.971,268.9,362.2,281.5,-0.196
"2021-03-29 22:22:00",430,13.18,11.22,0.17,0.01018091,98.2481,6.366,70.24,0,2.942,354.6,-4.945,1.104,268.7,362.4,281.5,-0.224
"2021-03-29 22:23:00",431,13.18,11.2,0.156,0.009332511,98.24746,6.458,67.2,0,2.881,336.6,-4.682,1.355,268.9,362.4,281.6,-0.29
"2021-03-29 22:24:00",432,13.18,11.18,0.184,0.01102938,98.24735,6.397,70.13,0,2.785,335.1,-4.728,1.206,269,362.2,281.5,-0.256
"2021-03-29 22:25:00",433,13.18,11.17,0.17,0.01018103,98.24389,6.318,71.72,0,2.989,349,-4.818,1.042,269,362.2,281.5,-0.217
"2021-03-29 22:26:00",434,13.18,11.15,0.17,0.01018107,98.2433,6.312,73.72,0,3.028,342,-4.954,0.924,268.7,362.1,281.5,-0.187
"2021-03-29 22:27:00",435,13.17,11.13,0.17,0.01018104,98.24285,6.379,71.46,0,2.891,349.7,-4.846,1.136,268.6,362.2,281.5,-0.235
"2021-03-29 22:28:00",436,13.18,11.11,0.17,0.010181,98.24167,6.409,71.23,0,2.971,342,-4.619,1.293,268.8,362,281.5,-0.281
"2021-03-29 22:29:00",437,13.18,11.1,0.17,0.01018096,98.24232,6.257,73.71,0,3.08,349.5,-4.9,0.885,268.6,361.9,281.5,-0.182
"2021-03-29 22:30:00",438,13.18,11.08,0.17,0.01018097,98.23984,6.221,71.36,0,3.141,339.9,-4.9,0.854,268.5,361.9,281.4,-0.174
"2021-03-29 22:31:00",439,13.18,11.06,0.17,0.01018105,98.24164,6.219,71.93,0,3.223,338.8,-4.836,0.94,268.4,362,281.4,-0.195
"2021-03-29 22:32:00",440,13.18,11.05,0.17,0.01018109,98.24026,6.24,76.27,0,3.058,27.6,-4.909,0.901,268.2,361.9,281.4,-0.184
"2021-03-29 22:33:00",441,13.18,11.03,0.156,0.00933263,98.24106,6.432,78.36,0,2.76,348,-4.537,1.371,268.1,361.7,281.5,-0.303
"2021-03-29 22:34:00",442,13.18,11.01,0.156,0.009332612,98.23901,6.398,73.23,0,2.922,340,-4.473,1.402,268.1,361.8,281.5,-0.315
"2021-03-29 22:35:00",443,13.18,11,0.17,0.01018103,98.23948,6.311,74.31,0,2.93,4.104,-4.664,1.159,268.1,361.7,281.5,-0.249
"2021-03-29 22:36:00",444,13.18,10.98,0.184,0.01102945,98.24,6.398,76.7,0,2.955,349.2,-4.6,1.23,268.1,361.7,281.5,-0.269
"2021-03-29 22:37:00",445,13.18,10.97,0.156,0.009332646,98.24256,6.315,70.58,0,2.991,347.1,-4.519,1.253,268.2,361.7,281.5,-0.278
"2021-03-29 22:38:00",446,13.18,10.95,0.17,0.01018109,98.24397,6.301,76.76,0,2.914,13.93,-4.764,1.018,268,361.6,281.5,-0.215
"2021-03-29 22:39:00",447,13.18,10.94,0.156,0.009332652,98.24603,6.426,74.1,0,2.716,0.089,-4.501,1.355,267.9,361.5,281.5,-0.302
"2021-03-29 22:40:00",448,13.19,10.92,0.17,0.01018113,98.24676,6.429,78.55,0,2.95,20.28,-4.591,1.285,268,361.6,281.5,-0.281
"2021-03-29 22:41:00",449,13.19,10.91,0.17,0.01018116,98.24665,6.408,79.12,0,2.948,4.33,-4.546,1.253,268,361.5,281.5,-0.276
"2021-03-29 22:42:00",450,13.19,10.9,0.156,0.009332714,98.24663,6.372,80.4,0,3.018,7.08,-4.61,1.144,268,361.4,281.5,-0.248
"2021-03-29 22:43:00",451,13.19,10.89,0.17,0.01018114,98.24871,6.352,79.13,0,3.072,11.59,-4.591,1.112,268,361.4,281.5,-0.243
"2021-03-29 22:44:00",452,13.19,10.87,0.184,0.01102956,98.2515,6.325,82.2,0,2.844,4.128,-4.791,0.971,267.8,361.3,281.5,-0.203
"2021-03-29 22:45:00",453,13.19,10.86,0.127,0.007635835,98.25098,6.367,79.82,0,2.893,7.145,-4.582,1.214,267.9,361.4,281.5,-0.265
"2021-03-29 22:46:00",454,13.19,10.85,0.17,0.0101811,98.25098,6.297,79.44,0,3.062,8.45,-4.664,1.05,267.9,361.2,281.5,-0.225
"2021-03-29 22:47:00",455,13.18,10.84,0.17,0.01018116,98.24944,6.285,81.6,0,3.136,21.57,-4.755,0.924,267.7,361.2,281.5,-0.195
"2021-03-29 22:48:00",456,13.19,10.82,0.17,0.01018121,98.2493,6.328,80.6,0,3.007,7.9,-4.546,1.167,267.8,361,281.5,-0.257
"2021-03-29 22:49:00",457,13.19,10.81,0.141,0.008484346,98.25152,6.277,80.1,0,3.09,8.02,-4.664,1.003,267.7,360.9,281.5,-0.216
"2021-03-29 22:50:00",458,13.19,10.8,0.156,0.009332732,98.25024,6.244,79.99,0,3.133,5.934,-4.61,0.995,267.7,360.8,281.4,-0.216
"2021-03-29 22:51:00",459,13.19,10.79,0.141,0.008484286,98.25149,6.201,80.3,0,3.02,15.18,-4.755,0.877,267.6,360.6,281.4,-0.185
"2021-03-29 22:52:00",460,13.19,10.78,0.156,0.009332725,98.2514,6.196,80.4,0,2.981,0.172,-4.719,0.909,267.6,360.6,281.4,-0.193
"2021-03-29 22:53:00",461,13.19,10.76,0.156,0.009332742,98.2561,6.184,80.4,0,2.808,10.42,-4.791,0.948,267.5,360.5,281.4,-0.198
"2021-03-29 22:54:00",462,13.19,10.75,0.141,0.008484346,98.25397,6.204,80.8,0,3.012,1.978,-4.71,1.05,267.5,360.3,281.4,-0.223
"2021-03-29 22:55:00",463,13.19,10.74,0.17,0.01018122,98.25202,6.196,80.6,0,2.966,11.21,-4.61,1.097,267.6,360.3,281.4,-0.238
"2021-03-29 22:56:00",464,13.19,10.72,0.17,0.01018122,98.25495,6.165,80.5,0,3.007,5.868,-4.655,0.979,267.5,360.2,281.4,-0.211
"2021-03-29 22:57:00",465,13.18,10.71,0.17,0.01018122,98.25497,6.162,80,0,3.118,0.345,-4.664,0.971,267.4,360.2,281.4,-0.209
"2021-03-29 22:58:00",466,13.19,10.7,0.17,0.01018125,98.25697,6.208,81.3,0,3.005,0.018,-4.737,0.979,267.3,360.1,281.4,-0.207
"2021-03-29 22:59:00",467,13.19,10.69,0.156,0.009332834,98.25564,6.27,79.83,0,3.157,2.014,-4.51,1.238,267.4,360.2,281.4,-0.275
"2021-03-29 23:00:00",468,13.19,10.67,0.17,0.01018129,98.25898,6.215,78.66,0,3.205,29.65,-4.537,1.112,267.4,360.1,281.4,-0.245
"2021-03-29 23:01:00",469,13.19,10.67,0.156,0.009332834,98.25906,6.22,76.75,0,3.056,4.306,-4.573,1.058,267.3,360,281.4,-0.232
"2021-03-29 23:02:00",470,13.19,10.65,0.17,0.01018127,98.25922,6.191,72.88,0,2.951,0.089,-4.528,1.159,267.3,360,281.4,-0.256
"2021-03-29 23:03:00",471,13.19,10.64,0.113,0.006787533,98.25936,6.135,78.8,0,2.996,0.018,-4.782,0.862,267.2,360,281.3,-0.182
"2021-03-29 23:04:00",472,13.19,10.63,0.156,0.00933288,98.25929,6.099,74.09,0,3.116,344.7,-4.601,1.026,267.4,360.1,281.3,-0.224
"2021-03-29 23:05:00",473,13.19,10.61,0.156,0.009332896,98.25974,5.941,74.82,0,3.234,346,-4.855,0.689,267.4,360.4,281.3,-0.142
"2021-03-29 23:06:00",474,13.2,10.6,0.17,0.01018132,98.25634,5.906,71.26,0,3.236,346.7,-4.846,0.721,267.4,360.6,281.2,-0.149
"2021-03-29 23:07:00",475,13.19,10.59,0.156,0.009332865,98.25381,5.868,71.7,0,3.312,341.9,-4.828,0.768,267.3,360.7,281.2,-0.159
"2021-03-29 23:08:00",476,13.2,10.58,0.156,0.00933287,98.25452,5.834,72.44,0,3.046,346.4,-4.955,0.674,267.1,360.6,281.1,-0.137
"2021-03-29 23:09:00",477,13.2,10.56,0.17,0.01018133,98.25382,5.805,72.93,0,2.997,339.7,-4.918,0.744,267.1,360.5,281.1,-0.151
"2021-03-29 23:10:00",478,13.2,10.55,0.156,0.00933291,98.25107,5.684,72.97,0,3.178,337.2,-4.918,0.713,267.2,360.5,281.1,-0.145
"2021-03-29 23:11:00",479,13.2,10.53,0.17,0.01018141,98.24954,5.589,75.09,0,3.208,347.4,-5.054,0.517,267.3,360.5,281,-0.102
"2021-03-29 23:12:00",480,13.2,10.52,0.156,0.009332958,98.24554,5.575,74.79,0,3.144,348.9,-4.964,0.658,267.2,360.4,280.9,-0.133
"2021-03-29 23:13:00",481,13.2,10.51,0.17,0.01018137,98.24221,5.532,76.9,0,3.205,351.6,-5,0.58,267.1,360.3,280.9,-0.117
"2021-03-29 23:14:00",482,13.2,10.49,0.17,0.01018135,98.24289,5.558,78.52,0,2.937,340.9,-4.909,0.697,266.8,360.2,280.9,-0.142
"2021-03-29 23:15:00",483,13.2,10.47,0.141,0.008484462,98.2429,5.571,74.41,0,2.93,348.7,-4.782,0.893,266.9,360.1,280.8,-0.187
"2021-03-29 23:16:00",484,13.2,10.45,0.17,0.01018137,98.24214,5.564,76.04,0,3.03,340.1,-4.809,0.932,266.7,360,280.8,-0.194
"2021-03-29 23:17:00",485,13.19,10.44,0.17,0.01018136,98.24217,5.5,78.19,0,2.997,341.6,-4.9,0.807,266.7,360,280.8,-0.166
"2021-03-29 23:18:00",486,13.2,10.42,0.17,0.01018135,98.24035,5.521,75.62,0,2.909,348.1,-4.773,0.948,266.7,359.9,280.8,-0.199
"2021-03-29 23:19:00",487,13.2,10.4,0.156,0.009332914,98.2398,5.526,76.2,0,3,350.1,-4.809,0.971,266.5,359.8,280.8,-0.202
"2021-03-29 23:20:00",488,13.2,10.39,0.156,0.009332926,98.23977,5.513,77.3,0,2.894,346.4,-4.755,0.979,266.5,359.6,280.8,-0.206
"2021-03-29 23:21:00",489,13.2,10.37,0.17,0.01018143,98.24106,5.525,77.17,0,2.889,343.5,-4.746,1.003,266.4,359.7,280.7,-0.212
"2021-03-29 23:22:00",490,13.2,10.35,0.17,0.01018143,98.24289,5.405,76.1,0,3.056,354.4,-4.8,0.909,266.5,359.7,280.7,-0.19
"2021-03-29 23:23:00",491,13.2,10.34,0.17,0.01018143,98.24604,5.389,77.05,0,3.085,345.4,-4.846,0.862,266.5,359.6,280.7,-0.178
"2021-03-29 23:24:00",492,13.2,10.32,0.141,0.008484522,98.2427,5.414,77,0,3.103,349.8,-4.8,0.94,266.5,359.5,280.7,-0.196
"2021-03-29 23:25:00",493,13.2,10.3,0.17,0.01018141,98.24352,5.436,75.59,0,3.015,350.8,-4.71,1.026,266.3,359.5,280.7,-0.218
"2021-03-29 23:26:00",494,13.2,10.28,0.17,0.01018139,98.24163,5.462,77.01,0,3.043,340.7,-4.573,1.167,266.3,359.5,280.7,-0.256
"2021-03-29 23:27:00",495,13.2,10.26,0.156,0.009332953,98.24363,5.377,77.08,0,3.29,344.1,-4.691,0.979,266.3,359.4,280.6,-0.211
"2021-03-29 23:28:00",496,13.2,10.25,0.17,0.01018145,98.24432,5.418,76.83,0,2.94,332.1,-4.673,1.034,266.1,359.3,280.6,-0.221
"2021-03-29 23:29:00",497,13.2,10.23,0.17,0.01018148,98.24182,5.379,77.85,0,3.244,353.1,-4.682,0.979,266.1,359.4,280.6,-0.21
"2021-03-29 23:30:00",498,13.2,10.21,0.17,0.01018143,98.24264,5.395,79.45,0,3.038,3.801,-4.655,1.034,265.9,359.2,280.6,-0.223
"2021-03-29 23:31:00",499,13.21,10.2,0.141,0.008484525,98.24393,5.462,77.96,0,2.724,340.6,-4.51,1.293,265.6,359.1,280.6,-0.287
"2021-03-29 23:32:00",500,13.21,10.18,0.17,0.01018149,98.24466,5.511,83.7,0,2.986,11.88,-4.655,1.183,265.7,359.2,280.6,-0.256
"2021-03-29 23:33:00",501,13.21,10.16,0.17,0.01018153,98.24401,5.681,79.7,0,2.992,351.4,-4.247,1.637,265.7,359.2,280.7,-0.387
"2021-03-29 23:34:00",502,13.21,10.15,0.156,0.009333066,98.24402,5.633,82.8,0,2.907,18.17,-4.356,1.426,265.8,359.1,280.7,-0.329
"2021-03-29 23:35:00",503,13.21,10.13,0.156,0.009333052,98.24414,5.718,82,0,2.819,5.892,-4.292,1.543,265.9,359,280.7,-0.361
"2021-03-29 23:36:00",504,13.21,10.12,0.156,0.00933304,98.23882,5.762,83.3,0,3.04,17.48,-4.31,1.504,266.1,359.1,280.8,-0.35
"2021-03-29 23:37:00",505,13.2,10.1,0.17,0.01018149,98.23673,5.764,82.7,0,3.126,5.981,-4.238,1.504,266,359.2,280.8,-0.357
"2021-03-29 23:38:00",506,13.21,10.09,0.17,0.01018152,98.23529,5.696,82.9,0,3.16,17.75,-4.31,1.324,266,359.2,280.8,-0.308
"2021-03-29 23:39:00",507,13.21,10.08,0.17,0.01018154,98.23506,5.655,82.5,0,3.185,16.63,-4.401,1.199,266,359.1,280.8,-0.273
"2021-03-29 23:40:00",508,13.21,10.07,0.17,0.01018156,98.23181,5.605,84,0,3.141,17.48,-4.528,1.05,266.1,359.1,280.8,-0.232
"2021-03-29 23:41:00",509,13.21,10.06,0.17,0.01018154,98.23529,5.715,83.8,0,2.956,18.98,-4.437,1.246,265.9,359.1,280.8,-0.281
"2021-03-29 23:42:00",510,13.21,10.04,0.141,0.008484618,98.23318,5.693,83.3,0,3.017,12.69,-4.401,1.261,266,358.9,280.8,-0.287
"2021-03-29 23:43:00",511,13.21,10.03,0.17,0.01018155,98.23176,5.643,83.7,0,3.115,0.683,-4.483,1.159,266,359,280.8,-0.259
"2021-03-29 23:44:00",512,13.21,10.02,0.17,0.01018154,98.23187,5.61,83.2,0,3.023,354.1,-4.564,1.05,265.8,358.8,280.8,-0.232
"2021-03-29 23:45:00",513,13.21,10.01,0.156,0.00933313,98.23117,5.62,83.4,0,2.816,0.719,-4.583,1.065,265.8,358.8,280.8,-0.234
"2021-03-29 23:46:00",514,13.21,10,0.156,0.009333138,98.23197,5.628,83.2,0,3.058,354.6,-4.619,1.105,265.9,358.8,280.8,-0.24
"2021-03-29 23:47:00",515,13.2,9.99,0.17,0.01018165,98.2323,5.6,82.2,0,3.218,8.78,-4.601,1.058,265.9,358.9,280.8,-0.23
"2021-03-29 23:48:00",516,13.21,9.98,0.17,0.01018169,98.233,5.6,83.1,0,3.229,18.27,-4.537,1.081,266,359,280.8,-0.239
"2021-03-29 23:49:00",517,13.21,9.97,0.17,0.01018169,98.23278,5.619,81.7,0,3.237,0.125,-4.419,1.175,265.9,358.9,280.8,-0.266
"2021-03-29 23:50:00",518,13.21,9.96,0.156,0.009333223,98.23261,5.585,81.9,0,3.087,6.367,-4.546,1.026,265.9,358.8,280.8,-0.226
"2021-03-29 23:51:00",519,13.21,9.95,0.156,0.009333233,98.2313,5.565,80.6,0,3.275,0.095,-4.446,1.026,266.1,358.6,280.8,-0.231
"2021-03-29 23:52:00",520,13.21,9.94,0.156,0.009333207,98.23206,5.562,81.4,0,3.245,3.421,-4.537,0.956,265.8,358.7,280.7,-0.212
"2021-03-29 23:53:00",521,13.21,9.93,0.127,0.007636234,98.23479,5.554,77.83,0,3.353,347.5,-4.501,1.073,265.9,358.8,280.7,-0.239
"2021-03-29 23:54:00",522,13.21,9.92,0.141,0.008484705,98.23135,5.569,80.2,0,3.211,2.94,-4.546,1.034,265.8,358.7,280.7,-0.229
"2021-03-29 23:55:00",523,13.21,9.91,0.141,0.008484738,98.23173,5.588,80.8,0,2.948,348.8,-4.51,1.065,265.8,358.7,280.7,-0.237
"2021-03-29 23:56:00",524,13.21,9.9,0.141,0.008484763,98.22986,5.564,79.91,0,2.968,1.562,-4.546,1.128,265.8,358.8,280.7,-0.249
"2021-03-29 23:57:00",525,13.21,9.89,0.17,0.01018174,98.22866,5.548,80.8,0,3.053,1.39,-4.528,1.167,265.8,358.8,280.7,-0.258
"2021-03-29 23:58:00",526,13.21,9.88,0.17,0.01018173,98.22729,5.505,81.5,0,2.883,2.994,-4.682,0.979,265.7,358.6,280.7,-0.21
"2021-03-29 23:59:00",527,13.21,9.87,0.17,0.0101817,98.22788,5.515,80.8,0,2.94,346.2,-4.528,1.105,265.8,358.7,280.7,-0.244
"2021-03-30 00:00:00",528,13.21,9.86,0.17,0.01018168,98.2311,5.409,80.4,0,3.043,354.6,-4.728,0.94,265.8,358.7,280.7,-0.2
